x,y,z
0.1819270126650741,0.1307398089018031,0.1810971198004019
0.4015593603726325,0.0576198604778693,0.1198153358983058
0.2703493668262435,-0.1680835019641158,0.5073553672390793
0.429970958944584,-0.0143401541505738,0.3215167040279426
0.0531741006015928,0.1248588542787828,0.6010678223870496
0.2684095274417782,-0.1622066770859886,0.0953310098422265
0.0686595713459496,0.0893992862529453,0.5891076990575926
0.0999385754112769,0.306103623033834,0.3615392761954121
0.1366031227132089,0.0563609864048612,0.3525810944699135
0.0626622683435306,0.1924045845423005,0.3656787639618089
0.0631558963338058,0.2877008634254844,0.4439973321095941
0.0743428867331217,0.239477140714453,0.5031713097257657
0.4213814223590626,-0.060044795123787,0.1194071599801657
0.1359071489759875,0.1983478200485093,0.1114628408842359
0.0808428872161505,0.0675594215840214,0.6249311710248981
0.2141259342765987,-0.0638261879573708,0.5892542538450622
0.1102250160908585,0.2249909063350461,0.5655176184862751
0.3008378086937605,0.1285894038616277,0.5146610351165348
0.1267855278982904,0.1580757641882935,0.3244618222126947
0.1267855278982904,0.1580757641882935,0.3244618222126946
-0.2025577663584296,0.0324335504405918,0.5969052670868611
0.3389147402934471,0.2955293882626823,0.1944052890446085
0.1581144048541997,-0.1478923513523143,0.5786168634458769
0.16139581493057,-0.1648082900518372,0.2557053830235288
0.2192841808943129,0.0631083085882424,0.1061817594388241
0.3057145614299055,-0.1496752224080635,0.5018897068756245
-0.001826339724156,-0.3575136847558723,0.2776589066821059
0.3379306215990387,0.2442723273262077,0.3112202282292214
0.2307579721849915,-0.2308957830639601,0.1630387284039179
0.0480856947669722,0.1393535674002681,0.5133994990857806
0.0480856947669722,0.1393535674002681,0.5133994990857806
0.1354789276181629,0.3727406560449667,0.3126685258058965
0.1540113262339864,-0.0239947169554055,0.6117819599227765
0.1540113262339864,-0.0239947169554052,0.6117819599227765
0.209774201508464,-0.3555221927771975,0.3282098197272597
0.209774201508464,-0.3555221927771975,0.3282098197272594
0.2097742015084642,-0.3555221927771977,0.328209819727259
0.1488936093699785,-0.0039190262787924,0.6219841342478141
0.0477484761827235,-0.2028268024338546,0.251349203797609
0.4080954251203569,0.1529140241720638,0.2844336157206008
0.4080954251203567,0.1529140241720645,0.2844336157206008
0.2972957357641974,0.2882412330563124,0.1498129162368723
0.0073033250651293,0.2753608191306482,0.47310241237614
0.0389010280826152,-0.3627509541108896,0.2517035947438793
0.0647593685694267,0.1134100955599738,0.6132681006472441
0.1867417431655813,0.3521350014024447,0.0907473675443
0.1265740839959329,-0.2962029362373323,0.4477018659132843
0.1232186410385849,-0.0268927461462203,0.1527530901411182
0.0389699273839935,-0.2251518332958821,0.4414255427509547
0.1024374139182825,-0.2815809595631806,0.4847636569225413
0.2709425068973246,-0.0968800883648292,0.5441005497195714
0.0743448573957067,-0.2959739959943682,0.3346122727495808
0.1034023591801366,0.1134723713708922,0.355286726774709
0.1415964850117113,0.2087640437858829,0.5522751328811152
-0.1332751128980191,0.0340852500019343,0.6255510832508546
0.4431752910582538,0.0283878240091412,0.1084628774772927
-0.0534506499915902,0.0410073647677055,0.6386717704458383
0.2251775489934597,-0.1081977028466594,0.0955992951406762
0.143233138375745,-0.1230302022936771,0.6056826888382807
0.256470545851721,-0.2768021835107877,0.4355881857837862
-0.0103510385918747,-0.3380967592854956,0.3855451496966761
0.1590213695343301,-0.1118350737216277,0.5970808489321299
0.3076964246504367,-0.2771321008225572,0.3636486209648841
-0.008482892515483,-0.2245582018968526,0.5009092534625224
-0.0034681636389603,0.1135598987440645,0.5370989937588201
0.1144513286641668,0.2317912523355087,0.0995959049454653
0.3146755778208646,0.2112439153038802,0.1152400829008176
-0.0029977519418075,-0.0011342819608369,0.6454401864386279
0.1411006714913336,-0.2568784380067905,0.5195691492995852
0.1071221354057809,-0.3891663772352069,0.2766085940624584
0.195348126797941,0.232230543310158,0.5312663449331138
0.0058640714714595,-0.2061590782576286,0.5112357223406055
0.2328204005525641,-0.3459768836589208,0.3124425683976252
0.0411719897423383,-0.0457801981265466,0.6217204625148246
0.0927682334482008,0.1790640198803036,0.4358344268965585
0.3931499827893238,-0.184939527961653,0.2351702551774109
0.0687646833301277,0.1251815746286692,0.6170666275258635
0.1377635523093125,-0.0707261256153064,0.6132799561638459
0.3900708390421983,0.1667873504367802,0.2245428934520406
0.0235237713550018,0.2137584553230112,0.2132596854766429
0.1806033822710223,0.2737116065639631,0.4604462855105053
0.1533021637982146,0.2438611707074144,0.2529927797974262
0.1102693191030731,0.0180943063961528,0.6323288187663627
0.15714577532695,-0.1600142525301617,0.1879240991272809
0.0714947509670554,-0.0381019418302535,0.6229893003941903
0.0655668469626721,-0.1186012713759011,0.4722354888731093
0.2378653953299151,0.203495207734635,0.5033541927752355
0.1912267596378314,0.2364450099289707,0.5123640131827261
0.1724559433466715,0.0409963042002804,0.2620598423687494
0.0943133829591103,0.139900376211269,0.2375719231037873
0.1585893428917182,0.3390070514122272,0.1423950357395182
0.4352753194319047,-0.0342403091256662,0.3522873937492428
-0.0478038185239163,0.2539193858121678,0.4852302160175522
0.0417125116308221,0.2290662474564073,0.537512350409764
0.1431283929554538,-0.0257233307372253,0.243044276131766
0.1165532921384064,0.1238668640149255,0.2189312110948651
0.1481333234490347,-0.0671247460463126,0.1362002968801257
0.1980178466815705,-0.0980818487237902,0.5769091763094627
0.1980178466815704,-0.0980818487237903,0.5769091763094627
0.2700390413274572,-0.2254174279863283,0.4445619293603943
0.4231270363905497,0.0977012606628254,0.3138394582174676
0.4051352713401937,0.1728513102638162,0.2608828096123199
0.2631773380963306,-0.2469611072486699,0.4422945778889088
0.2631773380963304,-0.2469611072486701,0.4422945778889088
0.4085202130012699,0.0758790112549746,0.1189381167237937
0.2057492782541208,0.2559993291144242,0.1159273828255743
0.0089062316515355,0.2564650425324153,0.3003885065472659
0.0089062316515355,0.2564650425324153,0.3003885065472659
0.0245029571521935,-0.1748068451396633,0.4831423744055483
-0.0316517883903471,-0.1853319936106089,0.5063172280945076
-0.0316517883903475,-0.1853319936106092,0.5063172280945074
0.2026530639331188,0.2596975794527608,0.1302896301440499
0.3117900370360438,-0.3068414582684631,0.2880414418296766
0.3696076163905805,-0.1403140975461751,0.432836082659802
0.3696076163905805,-0.1403140975461751,0.432836082659802
0.2239851105735701,0.23030811714126,0.1306953294474918
0.1356785134178001,0.0693333821523779,0.1463284942570623
0.0983959216307128,0.241758655769742,0.1311668443254841
0.1814039350741936,0.3395659579939658,0.3512085810220354
0.1380028723769149,0.0935041034752216,0.2141001697701118
0.138002872376915,0.0935041034752217,0.214100169770112
0.0371330045305676,0.0510495756319325,0.6313328464093813
0.200366065680342,0.2996103695686987,0.1679027259851502
0.1145632558882168,0.143993192164035,0.1726789322196699
-0.0196142640254501,-0.2676815531721961,0.5058443647689473
0.1391546873501651,0.3202832208886563,0.3170579528477003
0.1789000306200357,0.105081667604161,0.594564611042294
0.1690079163433595,0.3442809707296522,0.2137139909709125
0.1378744889976337,0.1160241703419215,0.3073568488163582
-0.1792144714902835,-0.017951176735487,0.6098896388976369
0.0543300124038876,-0.1957053657991943,0.4058041061194726
0.195810434784867,0.100513932446242,0.5828402494729178
0.0010825482209932,-0.3650373821140208,0.2785853725549913
0.0089510959986255,-0.2336183902960511,0.4650527140039601
0.1991251688471874,0.1281106267498021,0.1445314746461698
0.4208031124752768,-0.063942477855758,0.3664148489692668
0.1829409313925043,0.2837626811286099,0.0966691467392268
0.2039507216881299,-0.2172780431112877,0.1653253112865362
0.2039507216881299,-0.2172780431112877,0.1653253112865362
0.0569698708772141,0.1129880518463541,0.5481221666008848
0.0647545924580499,-0.0790667304182077,0.5940072303063839
0.2381153174626832,-0.0556640919338264,0.5770519393064099
0.2381153174626835,-0.055664091933826,0.5770519393064097
0.1653449088760181,-0.1157987676499719,0.2457150401301654
0.2565547970524491,0.2172672791552502,0.4710311009065676
0.1384199711982348,-0.1372844317198017,0.2926742943628354
0.3468483037530602,-0.2241200845586849,0.3973461175289543
0.4415756422772793,-0.0373005828108953,0.1631614454857443
0.1513348026371815,-0.3568303659708163,0.2598108841488973
0.1097850860942127,-0.2750756054366186,0.296277050752563
0.0138023635751899,0.0072067070357007,0.6294418766619397
0.0875447344207623,0.1849859862998297,0.5225568430115244
0.0875447344207623,0.1849859862998297,0.5225568430115244
0.0875447344207623,0.1849859862998297,0.5225568430115244
-0.0527379829620835,0.0356164225006576,0.6406561688141618
0.0553843366239273,-0.1851925561315584,0.3039098575831201
0.1489551970768907,0.3205680596888843,0.4258908163176398
0.0589836413045966,-0.1888684547251068,0.4969831997412098
0.3396983551470637,-0.1421512014580582,0.4581587886587627
0.1179073520576555,0.2548179456230737,0.2445977699729861
0.1417023634956682,0.1703392171022413,0.23116866065455
-0.0651762528904857,-0.0003285341839996,0.6412127630511394
0.1258260658038565,-0.2021274828463847,0.5431147887163443
0.1081519226816584,-0.2420262993405816,0.1337720681823106
0.0764884006827801,0.1015460912520609,0.5940164801436857
0.193578292524496,0.3491259150260348,0.1006635533612541
0.1412577283726388,0.0717492537987156,0.1370211429846297
0.1060640006550961,0.2021768936085598,0.5719860615567026
-0.0035811709368693,0.2782771136103351,0.3302194034370623
-0.0035811709368693,0.2782771136103351,0.3302194034370623
0.1963411507106831,0.2189624797333424,0.17212867874548
0.3781820795249984,-0.1888418334756259,0.2150461745141854
0.3022670456505957,0.2136765627210518,0.3947551987672711
0.166202117875994,0.0012423455875818,0.6150865037872628
0.0421146270143821,0.0452958884526525,0.6300388095681085
-0.0497232316371694,-0.3047665430694414,0.3892071925199425
0.1341342493902367,0.3705548543623892,0.2350991857787869
0.2492074333216843,-0.1503955287998425,0.5294346847974245
0.2492074333216838,-0.1503955287998422,0.5294346847974251
0.3999437068091606,-0.2280332065952841,0.2127899324028103
0.123458168988982,0.1428231049451769,0.597834674057409
0.4401794970039581,-0.071184663587863,0.3292264422907199
-0.0464405896597322,0.3302581719239407,0.2992518521368173
0.0498753480267713,-0.125827307837817,0.4965147526880072
0.1187370296912552,-0.2210063015836391,0.5256345088640585
0.0350846669601751,0.238555769802409,0.4500094060476458
0.0582706840046695,0.0590089945381171,0.6356706911656045
0.3472479958114943,0.19832357516562,0.1634539981434812
0.123737909260411,0.2973394782008855,0.2795399916103185
0.1315888736353907,0.3902301931687997,0.1947083322839217
0.1315888736353903,0.3902301931687998,0.194708332283921
0.1315888736353903,0.3902301931687998,0.1947083322839217
0.1130664694587404,-0.1000223926709488,0.2612695508228146
0.3766995769791382,-0.1059484263539358,0.4148390509045801
0.2627698071480677,0.2848183091194184,0.3542443105238093
0.4678166528595703,-0.0101184847877051,0.2237117669213349
0.1083370647186691,-0.1112397612292577,0.271423484839203
0.1470763295241505,0.1376464534164784,0.2514915540621773
0.1984793117478927,0.2213920330144388,0.2691525199406125
-0.0446923860762839,0.2985505260297622,0.3596833538416932
-0.0042071690717962,0.2348536933224672,0.345170303577468
0.1314322924211963,-0.149739430046755,0.2543199693405973
0.2165233746661943,-0.2163707673757291,0.1680492349347203
0.2691630557231533,0.1150624724309506,0.5417664338428075
0.2691630557231534,0.1150624724309506,0.5417664338428074
0.4552560915280625,-0.0928576097289797,0.2633730235630083
0.4552560915280624,-0.0928576097289797,0.2633730235630095
0.4443029678792304,0.0101172360249463,0.3427491832068087
0.1524170843922064,0.0188844445350689,0.1804385992653671
0.0572780820209197,0.2896661248143541,0.1376506579848107
0.098294750426332,-0.3838711665467232,0.2150109530274116
0.1084786359150254,-0.3504435591267211,0.2118393929999526
0.065237342028065,-0.0366349491496442,0.6383495592840351
0.0802202579335605,-0.1533895939526877,0.3044731792504915
0.142027435413668,-0.2237129346919109,0.2154382717173175
0.1804570890585324,0.2083911158618146,0.1949955324349576
0.2164877339760894,0.3488727998944578,0.3129750647216026
0.048151207477132,-0.1116202739164872,0.6130656181453629
0.1475113745579358,0.1324654608776778,0.2914615754853245
0.001876527832657,0.0006106734019637,0.6456646203866069
0.1635787289932585,0.38242242685815,0.2021562612269959
0.1762672379317659,-0.1845418760695716,0.5668253341921523
0.420426842091526,-0.0745302441957793,0.1159918084658574
0.0813499201049919,-0.1764021865522429,0.1993809901803426
0.234535829178842,-0.2596584899025139,0.4631343822014219
0.0928447976313578,-0.2094022965025266,0.2809360607716227
0.1125217700101211,-0.1032127072246732,0.4442462733010361
0.1187830236202631,0.3032088110259518,0.127267449620465
0.4421977740855372,-0.1221204507854509,0.1773526760271259
0.0044190563126401,0.0021547533035674,0.6242850921351019
0.1632666219179779,-0.2147780593492435,0.5522496333208822
0.0381934118866954,0.008494266169794,0.6441257279868475
0.1293188691786906,0.3104657990681663,0.2718748248964757
0.0238274362981071,0.21859001796134,0.3866664543231768
0.023827436298107,0.21859001796134,0.3866664543231768
0.1110500507712042,0.0968440545482501,0.1488354036847086
0.125149370913157,-0.1026675771056681,0.1526434196518253
0.2244514189817363,0.247310814693661,0.1724384624203839
0.2949516619836138,0.2953562885350022,0.3506154198883446
0.2259771097163816,-0.1790498369659122,0.5472571528581553
0.0807675599270061,0.0214590457206953,0.634602736904904
0.1076449638175795,0.1829781405292489,0.5761182678024367
0.1076449638175795,0.1829781405292489,0.5761182678024367
0.1533509625624032,0.0640865277462085,0.2951007336163727
0.2527926564076223,0.364982980191937,0.2309183537219843
0.1407415368608272,0.293403298863281,0.234868776253139
0.1407415368608272,0.2934032988632808,0.2348687762531379
0.038625416899276,0.3129694537134646,0.191522650815544
0.038625416899276,0.3129694537134647,0.1915226508155438
0.1852099170102228,0.1166405133156012,0.0905135078698788
0.1064182960946681,0.1770385838662397,0.1770805393403047
0.1064182960946681,0.1770385838662397,0.1770805393403047
0.0276728911469464,-0.007226969979,0.6380272343825297
0.1698346168288426,-0.163678002489548,0.1936354412362886
0.3337666543397465,0.1584099659722513,0.4668054634776346
0.1939988709044935,0.1267967733436376,0.5755828297058201
0.0634891533281968,0.0175623779664796,0.6404664633802709
-0.0189915675560212,0.1697447214363102,0.4942089430850485
0.0347337186244632,0.1091915997700527,0.52360440295022
0.1089116058201072,0.2392350644473548,0.1964347921799772
0.0661514773268016,0.0789400759403395,0.592105933845578
0.0619779237141399,0.1664215569296247,0.3539224227610859
0.114406754835113,0.1608776817930634,0.200971712430252
0.1144067548351129,0.1608776817930632,0.2009717124302518
0.0425455811873997,-0.0064825936112545,0.6436863198244996
0.4409127178790021,-0.0430616525065283,0.3070058780811031
0.1684967308433259,-0.1371439886894662,0.1363891074758783
0.3282429032866498,-0.1900595131274784,0.1084401121117588
-0.0208532880706605,0.2153827129084127,0.448441023293095
0.146001318624707,0.2921585031943433,0.4488204400581777
0.146001318624707,0.2921585031943434,0.4488204400581778
0.0579121687296231,0.0508513324837911,0.6254206003931393
0.1469049930350191,0.1355063531831108,0.1190711105314337
0.0949030496219332,-0.1178777302465124,0.2800324498286651
0.126807588746479,0.1427820950790268,0.5997644850737659
0.1341519806687036,-0.3738642418607427,0.2770901016171183
0.1393990864271458,0.1008599669392679,0.5949389123179687
0.1964193438490501,-0.3124472264379448,0.3395226822242297
0.2727542308818015,0.243357231824009,0.3835209676393259
0.1291741720120734,-0.3141225666162459,0.3428757164555243
-0.0346895691223792,-0.0065775991593233,0.6442169081650491
0.3169321682963106,0.0665887150970397,0.5190543344384829
-0.0514432083160838,0.0222303359010554,0.6424344384185465
0.1144970699701351,0.1780344598605598,0.2416909723609944
0.0946125204054141,0.1247350619186329,0.5919756535558895
0.0926448663073211,0.2085126944318474,0.1038432822509105
0.0546699159236288,0.2344617547060963,0.4087142910519279
0.0227768758504309,0.0955306938225475,0.6005721103134568
0.0252806685196112,-0.2166815793917334,0.2719730397408164
0.2377696510497101,0.2842133422486466,0.4342318922822026
0.0343087836820951,0.1470100859546587,0.4493548863516018
0.0343087836820949,0.1470100859546588,0.4493548863516018
0.0343087836820949,0.1470100859546587,0.4493548863516022
-0.0523630829161796,0.0024810452375509,0.6427794990329181
-0.0523630829161796,0.0024810452375509,0.6427794990329181
0.1751443818325558,-0.0787224713183219,0.1124753323162188
0.1663667409328768,-0.1096096245526739,0.5917446379302284
0.4022077893092937,0.1889491411191692,0.16120139632238
0.072800726763545,-0.1257910830817218,0.4618298755421584
0.0728007267635446,-0.1257910830817213,0.4618298755421588
0.4065250445060577,0.2115061208182848,0.2227020576149763
0.0692095372071733,-0.1501341453482556,0.1880948787446185
0.2055551259544064,0.2397931318313344,0.2511921117650104
0.0837248578106153,-0.1861104524431762,0.1335399592303829
0.1983002726106936,-0.3104331659215033,0.3859610160520398
0.1886663436979558,0.3259824666773711,0.3909321226781868
0.097146513712458,-0.2924289700278542,0.3869393111436592
0.1401245385603243,-0.2343537113213156,0.3510480342139107
0.1401245385603243,-0.2343537113213155,0.3510480342139104
0.1862424950702569,0.371431360984932,0.1436948326473704
0.4018936231550623,0.1723192787596337,0.1757089547217523
0.1485701982590718,0.1431379154517607,0.5939472375385596
0.1485701982590715,0.1431379154517605,0.5939472375385596
0.3020716067255916,0.08604942474215,0.5168477305250874
0.0199336847529997,-0.1601234256193827,0.4778912602903917
0.2337564531083401,0.3167951658597165,0.4201973731398608
0.113086231795497,0.3008770941824146,0.1273338865351146
0.3081993577612147,0.3032273533054206,0.2893973897908768
0.0085721196109677,-0.2943053591726845,0.2769946356777295
0.2357195827923095,-0.1105985034114283,0.5589675224816933
0.0476572482937016,-0.1142316540376586,0.5173823444333155
0.1684444732096303,0.1074474245249597,0.5977486462909523
0.0963751950992198,-0.2013852520379745,0.1194057899360175
0.2004502173973818,0.3638333213549399,0.2215892414627588
0.0749848095914359,-0.3316649500264981,0.3921870450435835
0.1389297568290666,0.2757109710609058,0.2271409948425271
-0.0611738360326198,0.0371190558804971,0.6379788128691641
0.1945139720656585,-0.3887100571412293,0.2494465143316186
0.0762944101509573,0.3745812481181668,0.3460126550598943
0.0884034960574929,-0.2464637876756199,0.3076897770810962
0.3134843979175957,-0.1395661173953777,0.4854951639428658
0.2293252112113579,0.2766957646364127,0.1526679126983397
0.0661648485445138,0.1684026542746248,0.5313514615694599
-0.0167125633744429,0.201793399026079,0.4838442836163135
0.1718630060855289,-0.25973362925859,0.2754854272352136
0.0720855302075971,0.0884273610612128,0.6313805375227631
0.1959467117231273,-0.0900145066246729,0.5942669038734232
0.3492806528929912,0.2463515998363331,0.358295695464925
0.4282900010548155,0.068089769825789,0.2763597105866994
0.0635516710749955,-0.1943171859848921,0.2411441059126161
0.039710127016322,-0.2867449192394183,0.2926357082311389
0.1150917360836043,-0.1304988891245625,0.1489553490652073
0.189603583679687,0.2895500011969268,0.2385373715000265
0.2893251468582186,0.134765366338448,0.4955818893193132
0.1748866004780156,-0.1650875762178285,0.5670224690137552
0.3797800957642218,-0.1470943094509252,0.4062090936985045
0.4367790940321595,0.0437255415455073,0.3571866777172964
0.1213746047638749,0.2383447946191471,0.1624038759659468
0.0188575490854277,-0.3188970037943662,0.3233841144750368
0.0247733351757697,0.1227752841224587,0.5946023515937674
0.2169933513137814,-0.1855738752036066,0.5501449184761323
0.0933749450063069,0.2587838744430067,0.3302481018266443
0.1605478224818546,-0.0443280719076337,0.1361204720703296
0.0520325721861686,-0.2139343605177884,0.1995973639069817
0.1184698812826937,-0.1018277659824335,0.6135376343737423
0.0892040495792359,0.2423960496620641,0.292395397949538
0.0373857717161838,-0.295740099941059,0.3654980158069521
0.1838372945771211,-0.3372587380530586,0.4302186179833008
0.1400218362220291,-0.1252851096466979,0.1717188102155473
0.1146683388113135,0.3240566742707969,0.1933356586883349
0.1146683388113135,0.3240566742707969,0.1933356586883346
0.0275062826072305,0.1507746135345592,0.5803364509922905
0.0921893418946226,0.1404432563489957,0.2691017012967382
0.0369150595382187,-0.0631704574005191,0.6278628851943272
0.294234290138007,0.2770424982015852,0.3519745552772081
0.4477015423533069,0.1116149197584503,0.2761796971956968
0.3431036303687343,0.2501217657785071,0.0976165355564062
0.3913670961598808,-0.0014426729688553,0.4424853807299254
0.0482291608703654,0.0729760638899451,0.5847747262523787
0.0082511689260834,-0.0028262132170125,0.6454317488100152
0.0869375636058266,0.1062173091965014,0.5653815729057613
0.1280777584851726,0.3917031357614747,0.2108365141530475
0.1280777584851726,0.3917031357614747,0.2108365141530474
0.0090574428529477,0.352349031168375,0.2253482466793817
0.1997989068501237,-0.0032816930231972,0.0965570021040809
-0.0265207179194526,0.0252922462190345,0.6441932017455999
0.3443730383161025,0.2451175176669738,0.349302384160007
0.0670294743083035,0.178640905056086,0.2324227806492992
0.0941884786549217,0.0341767136507534,0.6347002811934851
0.1935312504181821,0.3582466872198713,0.3157597431610589
0.462327833280451,-0.0212936244557044,0.1384948085193121
0.1012385395773602,0.1585765283445107,0.1358564814069511
0.2425780257536303,0.2585676292726236,0.1410340790906429
-0.0043932177665581,-0.2265801429565142,0.3141596426145217
0.392576662448177,-0.1064131558033135,0.3676511009836173
-0.1841545108306703,0.0762647562430651,0.6014687727286827
-0.1841545108306705,0.0762647562430652,0.6014687727286826
0.3655315916971908,0.1004469038807237,0.4448441264307845
0.4084098369692744,0.0582020838462772,0.3676203194749359
-0.0536897923219126,0.0173619038992976,0.6423204845830587
0.0822415722565957,-0.3233273766395988,0.4029961260511764
0.0007772777117019,0.0013019842873002,0.6393066234055906
0.2180633431758492,-0.3022381641686786,0.4414598426490337
0.050706765088975,0.1906272205482211,0.5826998360439799
0.0242304147067232,0.3029937728716415,0.4574531021822713
0.1643622192705173,0.0349329162290508,0.178713383517106
0.229091445139042,0.3203346616470294,0.1930144393823275
0.0161144397439111,-0.0200167452349092,0.64020421704422
0.3743210747218528,0.2298895668875275,0.168755214762606
0.3923003645664497,0.1767816145756679,0.2028870267836141
0.1907618349569022,-0.0430385748188014,0.603855695594875
0.1197306417389483,-0.1480630820186196,0.5663411955076099
0.1173565480217727,-0.1084944801941563,0.2773435587343335
0.445262343527759,-0.0126823739634287,0.3080233475197673
0.0483207574496412,-0.0762566354607993,0.6218417735844128
0.0483207574496416,-0.0762566354607998,0.6218417735844127
0.2257145416733711,0.0194904666218104,0.5887061915643644
0.3358826927569037,0.0362094807108001,0.4947975131329191
0.1411210484402177,-0.0790062822093917,0.1370424569793847
0.2659972437216996,0.220947998873718,0.4852489132912943
0.2213402432833191,-0.3245312362836381,0.3549845377152069
0.2549070529173246,0.1876347798041273,0.1109466815117215
0.1540756757679907,-0.0122415344617861,0.233656603392697
0.1540756757679907,-0.0122415344617861,0.233656603392697
0.070398518946509,0.2940798426220304,0.1804287999343624
0.070398518946509,0.2940798426220304,0.180428799934363
0.0933836923996305,0.05030822165259,0.6333720949772148
0.1145637520181057,-0.1059534692919852,0.2476505819637082
0.0696903540945807,-0.2057249176684435,0.4084599527140239
0.0696903540945804,-0.2057249176684438,0.4084599527140242
0.3278254674720648,0.0684337274298455,0.5087844491061744
-0.0003155833137229,0.3663785834186435,0.204351244033535
0.4081879417206442,0.1293854731072007,0.0901888315039331
-0.0594448929658203,0.2004978947559857,0.4922619606396518
0.4237693907971378,0.072560689622062,0.3513533832684371
0.1379269372757328,-0.103746954157384,0.3602942439859275
0.329700926217317,0.2934818236625465,0.3001395228584445
0.3297009262173171,0.2934818236625466,0.3001395228584437
0.1174028036899129,-0.3612166596207575,0.191280103888721
0.0651336414911696,0.2574372680276872,0.5303752860829757
-0.0002568732158673,0.2971168688056059,0.2708617061948349
0.4431961228856853,-0.0097005374899061,0.2980853582890325
0.078143019780271,0.199042874120447,0.4469730890709718
0.0454452068573937,0.1726501898473226,0.5099275391439188
0.1617697466987979,-0.0302256946589385,0.2072303679846051
0.1617697466987979,-0.0302256946589385,0.2072303679846051
0.1101234872431333,0.142857317021255,0.5916069745560878
-0.0230612120063149,0.0171617281595665,0.6448328277959798
-0.0763687019637981,-0.3247603021175155,0.3505422684145416
0.1021303555449868,0.2482303348957373,0.1416170009368671
0.4613278972588433,-0.0367753707507697,0.1992892780961349
0.0192816387371027,0.2838352509963763,0.3956622656714371
0.0274118968754158,-0.0268783675014283,0.6434920636746005
0.0274118968754158,-0.0268783675014283,0.6434920636746005
0.0136691373716699,-0.0938963864224747,0.5841533880931005
0.1563955530145696,0.1446825037840473,0.2254982687104222
0.3605479094704505,-0.1836196510075284,0.1179171920441234
0.0655319868482854,0.1244390020650211,0.5599460351703603
0.3422285831272005,-0.207543768582346,0.2810312158697592
0.1008232426394252,0.3058079628891175,0.2627311099326518
0.0631791556529649,-0.1148415396772675,0.5524587201484025
0.0749148148517569,-0.2714059518321385,0.1906751431734343
0.0412111832100891,0.0154581973257968,0.6428298878775851
0.1674435669306158,0.1030734457250533,0.3169149047262558
0.1401341085625552,-0.0972623995424687,0.6044084150963084
0.068471745197594,-0.1110053961830585,0.6031938774737738
0.1594875317024098,-0.0173472917954048,0.206576128923435
0.0559025865908266,-0.2275600152458659,0.2284877357493078
0.1954124673116905,0.0714164962509917,0.1363824176992741
0.125513076520722,0.1247890354672969,0.3796636354616245
0.0609989249210776,-0.3204342761178196,0.2988771030171377
0.1363653868391933,0.0710049558409921,0.1829012550931322
0.3228206816742,0.2323845576499741,0.1467805250961095
0.20352716898677,0.2027478155919423,0.1433351666325517
0.0429828468388336,-0.1862575953934211,0.5311857064112789
0.055090650833735,0.1923693178540155,0.3353371863014994
0.03774887191154,0.1839683602622808,0.4517625453544813
0.0726774651987276,0.3043070747939246,0.1945098266697282
0.1357899354759129,-0.0499992682378531,0.1441130463805918
-0.0768625598652756,0.0253232732667453,0.6386350157096135
-0.0768625598652755,0.0253232732667454,0.6386350157096135
0.1314180876262184,0.0989611094614074,0.6042312044688486
0.0155053648437851,0.0625810779264328,0.6315864325669165
0.1347646812223917,0.3210510408895484,0.4573748285506239
0.2571638432531687,0.2858994193652243,0.1419309491890955
0.0444850078872372,0.0570497289985518,0.6141541217865722
0.0556738418199408,0.1469394031717693,0.4043440765789396
0.1157454145811403,-0.0804996199476695,0.6209536618838933
0.115745414581141,-0.08049961994767,0.6209536618838931
0.11574541458114,-0.0804996199476693,0.6209536618838934
0.0809559920854187,0.2425445429130668,0.1514855387989987
0.1160293625076106,-0.3529896687346731,0.2682988153499999
0.0444980256765462,0.1716267024828517,0.3569948885469332
0.2350349395683315,-0.3347783323986676,0.3710166993578313
0.1035665814365926,-0.2012447159979243,0.3957612577749615
0.255460384935856,0.3386560218031836,0.2798945391033886
0.2554603849358554,0.338656021803184,0.2798945391033886
0.2623606662819437,0.3089331358229662,0.3902714174171426
0.0109444363385568,0.2459201233562963,0.4002608674200716
0.0603652374806375,-0.1813123932108734,0.3680403104482188
0.1297005600523634,-0.0557330876840424,0.6144982258674729
0.1720134522521077,-0.0187787533349138,0.1380007387950559
0.222861329176983,0.3328424428578132,0.1206761980790717
0.1891284933712298,-0.1087517478444616,0.1666719427295834
0.0874377522276037,0.22677407216807,0.182785285776722
0.2447668926234028,-0.3021549997306793,0.2668076982837185
0.0089045638756764,-0.129859829848074,0.5534042214375332
0.1097352418087984,0.3449097031373216,0.3533471281362264
0.092131038316382,-0.0188719839185379,0.6324573850920376
0.0921310383163832,-0.0188719839185382,0.6324573850920373
0.3478854478681957,0.2381182551369002,0.3453323300574015
0.0304316702901328,0.0215532528102324,0.6429918455811298
0.0299856691935021,0.3546094845485279,0.3579068665222171
0.2257298398589243,-0.093034005723685,0.5742585080091611
0.1069068970445239,-0.3520838746778119,0.196230577420472
0.1708008798546537,0.1313908868626122,0.2983967646129507
0.1929592303180808,0.1321269839631212,0.2224921331305291
0.0335960002837745,-0.2053005679601087,0.3785523655189697
0.0335960002837745,-0.2053005679601087,0.3785523655189701
0.0960921061312556,-0.3356678336022336,0.2338817571008747
0.1642733056309063,-0.252530693449645,0.2260987564261387
0.1742075841590677,0.2822243501941459,0.3010966083635465
0.0510004779486174,-0.0560593494117892,0.6296963656150643
0.0925742081651453,0.1589757041496406,0.4343895365308103
0.0925742081651456,0.158975704149641,0.4343895365308099
0.1041379278119651,-0.1497177348746315,0.2883180608731023
0.0864635215084626,-0.2980794106757002,0.1483601625615818
0.1315068708177173,-0.1820723570184538,0.2308166876333507
0.1515338814403624,-0.0182861527909088,0.1951214105679732
0.1515338814403624,-0.0182861527909088,0.1951214105679732
0.1013078649045501,0.2746629076199345,0.3781723159797362
0.1013078649045501,0.2746629076199346,0.3781723159797355
0.1748025164936527,-0.2768203143016137,0.4953016720025199
0.044472691703907,-0.1274783666957431,0.5363114345240318
0.1449502162123884,0.2384008525430239,0.4711045596239615
0.2304557163334623,-0.0053935525530656,0.5865939693238124
0.2998132918411126,-0.0083328306174271,0.5392232241806231
0.150744182036671,0.2988012321792277,0.4089000616208024
0.0131476076761626,-0.1068305306058237,0.5394929346999648
0.1521144561079675,-0.0281712019114991,0.6180348500228625
0.1323959205360545,0.2162438509660125,0.2308587173828449
0.0970553819006102,0.1159632284631099,0.2334173859568672
0.1423829214968343,-0.0978825909108347,0.3328875960730225
0.1356857124990038,0.078351228302133,0.1908812571866933
0.1477938130448092,0.0700954535755208,0.6113722738453665
0.1297890378824987,-0.232260467697619,0.5004472677810883
-0.0316101617176539,-0.1779935555961376,0.5283867018723365
0.0802116273171043,0.2907492944194106,0.4151814606650602
0.238536788342295,-0.3453531046460075,0.3549874902867533
0.067903298210738,-0.1848469579401403,0.4348851447703673
0.1313274366209642,0.1815699848933838,0.150358084645336
0.0867518587031472,0.2823771657146819,0.1786110099553065
0.2386991738260756,-0.3558700195607034,0.3304973315754246
0.2042339503048563,0.2390085270044019,0.4650931908612996
0.1432645829798586,0.3216696067477234,0.1015436034177393
0.1432645829798587,0.3216696067477235,0.1015436034177399
-0.0024189774080289,-0.0037501783827216,0.6455981684430068
0.0972998394866336,-0.325062071151614,0.3078499791797358
0.057935687583355,-0.3272187368072284,0.4362165411030516
0.0471357131237697,-0.184624567163631,0.5879379191856791
0.1129412237964652,0.1293009936002301,0.3850840631329654
0.1024727755148187,-0.2095376315299008,0.4750120629680892
0.3364996463862134,-0.0693054090325271,0.4963993286794874
0.0941453350985086,0.1880734912750655,0.2659317662939868
-0.1936207349957357,-0.0536082622139142,0.6008006091989867
0.1230093557043157,0.1752182646469346,0.4254072125167212
0.164388801210518,0.3858658165301064,0.2555860984554682
0.1861790612023884,0.2907478361039226,0.116676017406941
0.1250412709188393,-0.0537767703391102,0.6248331556098216
0.1250412709188393,-0.0537767703391102,0.6248331556098216
0.1230502022981886,0.1909569867373047,0.3065857847300702
0.4439764130442499,0.0882418868803436,0.1600569933539407
0.3082315216013674,0.0599674635339837,0.5116498741205293
0.0319070423164955,-0.0222545830369026,0.6392993051266903
0.4080791524975202,0.1042846761322716,0.380277600538882
0.4080791524975202,0.1042846761322717,0.3802776005388821
0.0982334479150649,0.1910296741037105,0.2400680839300034
0.1762477022275348,-0.0954886062060199,0.1506393775709251
0.1455986369780596,-0.2373650963735433,0.1684046285382534
0.1455986369780595,-0.2373650963735432,0.1684046285382532
0.1555420647840658,0.0270474053468213,0.2530231121071857
0.015400233985947,0.1402969363774646,0.5442814188749506
0.4332742753617544,-0.0165682553516362,0.2076149927975215
0.1477967729593675,0.1336507144466709,0.3610125335800438
0.0945964436254833,-0.1825390713833261,0.510436516837264
0.1482023582984062,0.034004232045438,0.2765589800914372
0.1708668461682181,0.2819502771563881,0.1375214961134568
0.152748807426702,-0.1239724357910373,0.1227761103668967
0.4112132187556154,-0.2086128584860968,0.2348188487188613
0.2575742839289228,-0.3576400160352125,0.2841656146492607
0.1140016721004504,-0.3049300627175724,0.4943239963846517
0.1527468756480633,-0.1477928572003917,0.2265998920710698
0.08853482544852,0.1489584583484091,0.2064563805134565
0.05552507597446,0.3128310914209975,0.3538373529909091
0.1181746474267911,0.1089288667040549,0.2003279955045697
0.2302907561073322,0.3156549413846301,0.2803154817598308
0.2302907561073321,0.3156549413846301,0.2803154817598308
0.0818340025804718,0.1264824446344555,0.486367973008541
0.1595294358042861,0.226959032333493,0.1546881424017341
0.1104153190043471,-0.1992670855307498,0.1573731213640329
0.1637375456136186,-0.0269144995692409,0.1099366225778327
-0.0048415190776994,0.3218408868445385,0.2899011371954976
0.1100627791326883,0.1096327890090827,0.430284437594624
0.4286655608919565,-0.024753123678761,0.3381964831223054
0.1153925211496593,-0.0566674113102472,0.6169825535130351
0.0550526624289548,-0.3836603892679933,0.3043076462161972
0.0309665284327336,-0.3067126226790514,0.2557959455608531
0.410599565563837,0.0295053798956841,0.3757973989527945
0.1684656646690907,0.069779624424373,0.6069312140269245
0.1156520486200824,0.2962538731191526,0.111481311639396
0.0498604934771791,0.0925305250587042,0.5291551444125195
0.0188280284342804,-0.206355141406567,0.5378630887772243
0.1045421451655836,-0.3768819666198992,0.3272399389896901
-0.0289653115874419,-0.3172105305808673,0.4076618967053128
0.1072137782719809,-0.3348100389948154,0.4057367604360646
0.0542334010391114,-0.1261990926232906,0.6160818425941882
0.0290757502863674,-0.0364831696868925,0.6241904709683913
0.1719432967530293,-0.1386645668639263,0.227688365683365
0.1719432967530294,-0.1386645668639264,0.2276883656833656
0.1367939222747061,0.2875054040943835,0.1306322822093516
0.1367939222747061,0.2875054040943835,0.1306322822093516
0.3226614531330911,-0.2395442648293041,0.3805404526644689
0.3226614531330913,-0.2395442648293042,0.3805404526644684
0.0990349373861181,0.3695677575887008,0.2730816130564226
0.1380697512555639,-0.2603526562870962,0.2852694227302674
0.4339264741312617,0.1121635997611612,0.1836354874120909
0.3138871413176572,-0.0517808037281962,0.5202630588874152
0.0144051675952416,-0.0983563416097275,0.586862923503822
0.0144051675952416,-0.0983563416097278,0.5868629235038219
0.1372663961968759,0.1308329614808633,0.30279793952714
0.2620014457208515,0.2995568337559404,0.2956177718226223
0.195535616583049,-0.2287604673175677,0.2093116055792127
0.1430168177051258,-0.2390972402391089,0.5310053412507653
-0.0298530031377886,-0.3285996348623614,0.304844382194557
0.0550656384673682,0.2432114868605171,0.5329353404943364
0.1861710100880625,-0.1262303821930089,0.1070443514093623
0.182347483066434,0.3681158594447355,0.2232528251843888
0.1055123521627969,0.1558556637515784,0.5948169566815327
0.3883611435235149,0.0166361120634063,0.4267208393877089
0.4067316439305524,-0.1860550607652984,0.1246081164839249
0.3528153694071601,0.1547244324835322,0.093887266792202
0.2368313202819545,-0.2784990818929989,0.4574902353751885
0.0451006631785836,-0.1662771604904334,0.398513092758918
0.0451006631785837,-0.1662771604904335,0.3985130927589182
0.1200482382416826,0.3641525897716352,0.1486861599084011
0.2975646061154625,0.2689108312524633,0.3010293942929714
0.1859240143876481,0.3120084075709144,0.3931145756780794
0.105185438011588,0.0757101822079074,0.6236554700499253
0.1372244034874364,0.1264007178546526,0.3686930040101435
0.0622869648376101,-0.2825857394573864,0.3998367082640573
0.407794042243388,-0.0953059788845572,0.3851956409340704
0.1262922634290554,0.0855743828372236,0.6159525724884044
0.3518625217982255,-0.1855200137352727,0.4241435507648067
0.2080395156511133,0.295067598087693,0.459718667996911
0.2351643757057928,-0.3278960935072794,0.3566163978120855
0.0820071419420606,-0.1518802128579658,0.1956651081082714
0.2145730590002759,0.3314465841235331,0.3704189744819814
0.034451032224543,-0.0719061979283914,0.6248590159643025
0.0657210290605167,-0.0317805019287328,0.6314610659407022
0.0439358113513014,-0.2292357354986963,0.3578398939171529
0.018905874171902,0.1346572324776757,0.5155393665068558
0.1250515211682829,0.0436898332122605,0.2300932445933869
0.2140128669202823,0.2707828643217677,0.0955548364650188
0.1048310002717634,-0.2568239475694308,0.1961622068100091
0.1172775298879931,-0.134104734466578,0.2424206814931233
0.0396057078386288,0.0308835000208286,0.6424092435360691
0.3998171541571289,0.1461589863781689,0.1321445266810312
0.3064974052476709,0.1226870682699607,0.4920199095339069
0.0640759784095106,-0.2160961319055113,0.4880333079433539
0.3190161490495081,-0.2587146140827099,0.399661478004268
0.3485643460246911,-0.1051247468717739,0.4726059379726547
0.1736514907533705,-0.2274132973122003,0.107829334893069
0.2462521105100791,0.3157170054660948,0.1323459431817847
0.1295648879195313,0.0414497900456097,0.2380637369834547
0.0203073806021225,-0.3568780563653093,0.272574534365162
0.2460518869713884,0.070362426099762,0.5694907455455572
0.2157317435468543,-0.1650148681600209,0.5476319991701498
0.3738862747549203,-0.1478177814931264,0.361891800302387
0.0281670534973288,-0.1322030989639055,0.6003258904466764
0.0281670534973286,-0.1322030989639048,0.6003258904466766
0.4341915063228259,0.0304454393389372,0.1142669664512287
0.4410012342529623,-0.083591781468698,0.2037875343949784
0.0642136989500255,0.057772518244966,0.5979340666056776
0.3203649296428195,0.2571374954670479,0.2970503221433482
0.099679377163216,0.2072175007980899,0.5760135149966452
0.0250300060802581,-0.0790554837238389,0.5868344239350848
0.4521073163194211,-0.0547295336447266,0.1183059386075189
0.1846447463762721,0.2662967540706463,0.1753723725633263
0.1846447463762721,0.2662967540706463,0.1753723725633263
0.0501224331078482,-0.1650159373304106,0.5942286170439096
0.0907210378932346,0.1418398211089964,0.2281202890269564
0.0742883842647092,-0.1923819019870707,0.4286859500083788
0.0308819526054827,0.256508819281562,0.4370993191699375
0.1397110762164156,0.3433440320337249,0.3197228559329179
0.2265630312996341,-0.1586103995379499,0.1153295542084214
0.0105569723871387,0.2109821911686442,0.366732530751892
-0.0064562880821864,0.0001427490824786,0.645671865958549
0.150510534205669,-0.2926657390345474,0.4862793307388808
0.2442685076236159,-0.2548645422428445,0.4683563825763903
0.2442685076236158,-0.2548645422428445,0.4683563825763906
0.154282578744358,0.0805947638551724,0.6097492679485107
-0.0182777470470978,-0.3135472820751844,0.3820266597768665
-0.153541158895077,0.0077628217970825,0.6202111462175314
0.1687577789402933,0.0633879429976293,0.169258986166977
0.0503738407597242,0.2712378322316792,0.208898643155527
0.1783490611603319,-0.0790182030690616,0.2680906982705376
0.4019055704019156,-0.2009107568675539,0.2136421872370019
0.1601263516864873,0.0665825105202843,0.109711038611134
0.122632339802167,0.1413417408242757,0.3578614119706977
0.1002413811521702,-0.1079775727275922,0.2289806129922535
0.0845497567710868,0.1086005748664968,0.5686271967983841
0.1377614117172068,-0.1019370665364943,0.6068027482546671
0.2801752506886761,0.2050481465383073,0.0909049514914793
0.0923142442236475,-0.1844101010601844,0.3744872026079791
0.0788150500369692,-0.1628934717414952,0.4554338584712012
0.2259296830593695,-0.1344485093594847,0.5562454731622672
0.0971803103230582,-0.3255822104339775,0.3954020956372242
0.3787561746808537,-0.150590736529432,0.1615930483885741
0.3815339380936474,0.196788287003189,0.2438075909181976
0.1925268316825472,-0.1474665570571893,0.5592310026735647
0.1445510320169334,0.1008383821890996,0.594285183562924
0.0655628313104685,0.2326134404825316,0.5357632528568143
0.1108426815991112,-0.2504471714266623,0.5221072586906964
0.0999704126776354,-0.2738326905628705,0.1008363221572597
0.0741909013326541,0.1714817733500094,0.5038835588890833
0.0450738024146484,0.0370292870140955,0.6117807664878819
0.0539820172500024,-0.2205585523428633,0.4805039420727505
-0.061656148659652,0.0289334715779189,0.6393790061850017
0.2556886196665829,-0.2184134352485855,0.4464051221589153
0.4460018387398536,0.0254868582834403,0.1853639916052985
0.0239101570905948,0.1360966517007681,0.473744431240079
0.1326210316576234,0.0467238518471843,0.1540142365505867
0.1326210316576236,0.0467238518471846,0.1540142365505869
0.1326210316576233,0.0467238518471845,0.1540142365505868
0.2532244510549296,0.2926537438669943,0.2011374402871061
0.3154448546383978,0.1141680098240971,0.1214886466629693
0.2799954850187541,0.0705452714223714,0.5484630799646787
0.0647250420576142,0.1499541356946854,0.424424215291579
0.1224473753606448,0.104211831920502,0.6002487572953729
0.1429507508786407,0.2519795256631116,0.4396487302624761
-0.0067598384290794,0.3197219612678147,0.3645313320923694
-0.0302387504450641,0.0208061426552513,0.6440705720700549
0.3959196225836237,0.1781347193018524,0.3436119133030312
0.1744937363419255,-0.1245504523123801,0.2009575141963888
0.1648185979577119,-0.3191706498606104,0.2166013438671591
0.0206778767768444,-0.0623250395349924,0.6162932488643127
0.1782743657746038,0.2005745249267885,0.5280512415196503
0.0768232644711834,-0.0833974826316807,0.5794120665736195
0.0966904806303703,-0.1713878598645977,0.3060080866977679
0.3411791782104843,0.2411032852087627,0.1376814963893176
0.1605701355348568,0.1963548663811787,0.1456758407586711
0.0769878959377641,-0.1093959509118162,0.5079538129391127
0.3434189014190558,0.012064472379921,0.4913766543521691
0.3434189014190564,0.012064472379921,0.4913766543521684
0.0593024025872616,0.2128415829298709,0.3678640113167109
0.0590942084462683,-0.3464636033826926,0.3727095120066946
0.1256888122811751,-0.1702604242992246,0.1648118214757699
0.2332258824443684,-0.0836710360263989,0.5759906489119303
0.090261608284026,0.3583514624669681,0.3497234837896092
-0.007819667072843,-0.327259697263005,0.2725258897812895
0.1840252367811301,-0.1100092283005923,0.221548456596023
0.1840252367811301,-0.1100092283005923,0.221548456596023
0.0016028900530939,-0.3335306680976966,0.3571456892449119
0.1181278362277323,-0.2604691455669804,0.2147881012377457
0.4178079301804022,0.1353755028026276,0.2726170418259014
0.3869288111960022,0.1095763159168941,0.3771735743025887
0.0610763916796877,-0.2081571138073363,0.5293160013333902
0.0918901659547902,0.2823026670639254,0.485108858539793
0.10507494520322,0.3393090615120921,0.0990896645783628
0.1763764984912177,-0.1746601451104482,0.5593733489435505
0.290514081459245,0.2903084291686024,0.2709928682108047
0.3896079528542306,0.1038941551981804,0.4048156727003301
0.0904884577989332,0.1449842538172457,0.5340105695653188
0.1406775743158671,-0.3115048765803355,0.376502950521817
0.2492251750169071,0.3144460222790489,0.2538538011545799
0.3131265559884156,-0.1814887005517613,0.4741662960387443
-0.0064286908710873,-0.3053716643296066,0.2933753010889411
0.0940642681019676,0.1474771569358156,0.1339460040201014
0.047208380150874,-0.1833647291423584,0.4507255031736628
0.2810817247954623,-0.121409545747707,0.5289106599565998
0.18931666274355,-0.1631759250651663,0.1129046480300755
0.1318102882088459,0.2091314629741781,0.5638997428174914
0.1314183947640524,0.2588431404265994,0.1062455707820143
0.3690071914681024,-0.1377777173493694,0.4330274760502109
0.0352058090064882,-0.2054040323681015,0.3599867649567358
0.0781961232885666,0.1454852898609712,0.2573244880690555
0.0875656648235778,-0.1810491495056947,0.4194199936176661
0.118289055150063,0.2624326307493534,0.3214539628567023
-0.1640009603212242,-0.031128402065544,0.6155913420867162
0.1777660863316625,-0.0452581843133298,0.2144011727993066
0.4020940314820101,0.2064631431164317,0.2279972550201277
0.2281249419697582,0.2220552983874985,0.4828069770727151
0.377775969970209,0.1791740078826036,0.1913340927308157
0.1025952141053184,0.1435084640290462,0.4264358856137169
0.0673682085791905,0.2436399032143316,0.4668324163609463
0.0716227125550699,0.1967189779482531,0.5668167689074576
0.1449364320447851,-0.143612671892691,0.2068216245484754
0.1449364320447851,-0.1436126718926912,0.2068216245484756
0.2061075120350197,0.0069023151304296,0.1063070352525584
0.1268169125537746,-0.2927036107627377,0.4133902935754659
0.0750946920913621,0.0696528737294673,0.6147878023750712
0.0750946920913627,0.0696528737294678,0.614787802375071
0.2562758502181986,0.2655191849434302,0.1096863370451727
0.2562758502181984,0.2655191849434303,0.1096863370451728
0.0550463957664439,0.2483412429919653,0.2133945414689931
0.0260522826003249,-0.0109968454323768,0.6445171517496666
0.1384136755108075,0.2521712798319184,0.1676988392375419
0.1384136755108076,0.2521712798319183,0.1676988392375423
0.117504717306838,0.0918166462443034,0.210774751406609
0.1175047173068379,0.0918166462443037,0.2107747514066088
0.4175872055157778,0.0356505617405423,0.3976834917937893
0.133702272750385,0.1105282644648628,0.1090213793414855
0.4224718133790645,0.019013437191794,0.1098943566189368
-0.0278317454353434,0.2558910276751845,0.3857910237460565
0.0788958769258617,-0.2763959597752192,0.5061811626225102
0.3759939279554629,0.0922528769388551,0.1083357190012747
0.0679349418514176,-0.3365329298275623,0.3039657120570561
0.0679349418514176,-0.3365329298275623,0.303965712057056
0.0679349418514176,-0.3365329298275624,0.3039657120570563
0.1448405024965802,0.1154873163194532,0.2068682923739183
0.1687008099768867,-0.192847454270559,0.1279235955177073
0.4532619370619823,-0.1035501099238265,0.2279354173000496
0.2893010830658335,0.2831289477877223,0.402811443025294
0.1814243382879799,0.3548752719566884,0.1891427162399398
0.1814243382879799,0.3548752719566884,0.1891427162399398
0.1543246783062023,-0.2368522344949123,0.2180511687416799
0.0796669290206436,-0.2210028145396284,0.139275070032745
0.1573493662378071,-0.3442154820385316,0.4238004585096706
0.3142783680882111,-0.2356971024272884,0.3775518322570315
0.2076897528858539,0.249308889753351,0.4420166891307988
-0.101470404764624,-0.03279597383205,0.63061191247658
0.1805557514553064,0.0506749214274313,0.1097099665287361
0.1222767633930085,-0.2622410629172209,0.1353941218073009
0.4616536213814937,-0.0149651593108726,0.1870719586747416
0.1762512923697497,-0.0842622114333925,0.1907826897280444
-0.0566306464063205,-0.2160861465411037,0.4987559504325585
0.0440905636159214,0.28724667860345,0.4010897905864258
0.0807795884903137,-0.3676145356649071,0.3732675458200865
0.2203729919778985,-0.1260728832456247,0.5646703699657349
0.2285161926462151,0.1172348788114889,0.5663840961689632
0.1413425185266104,0.0892057219263952,0.6118463115764031
0.1333932416762047,-0.129849334210793,0.2171255400329345
0.2091379587099744,0.3346932686365689,0.243537653036186
0.0125596193587329,-0.0086876833090999,0.6448942316066126
0.367173776715055,-0.166852446990712,0.4114749414898329
0.1806397260522677,0.162547638251044,0.5757617846543629
0.0064987058733047,-0.2864290501644165,0.3000914987530071
0.2784064260015387,0.2126456693232346,0.4406453033306197
0.1047846562704439,-0.2467600679497947,0.2290784121226308
0.3217760360142779,0.2477493653098847,0.2502769705489595
0.0305408093453557,0.2939296067733532,0.3048290133824859
0.1050725249903364,0.2040871844772749,0.5388853259125187
0.1406212998564443,-0.251007467124082,0.2061832830045429
0.1241685243049814,-0.332239221341187,0.4348034920469822
0.229255822043486,0.2846427788403256,0.4374032132160608
0.0954361613954868,-0.2426453088350204,0.3187591225067224
0.0191011728830369,-0.302781522950355,0.4500048076117033
0.3500148547875034,-0.1492313601858962,0.4279983503841455
0.3500148547875035,-0.1492313601858963,0.4279983503841451
0.0401986088627833,0.014557951133213,0.6366820379876327
0.4106901653668253,-0.1407446515484534,0.1109519258585968
0.0482700549060911,0.1616556546306393,0.175709974543089
0.1385124771358205,0.0669404573480766,0.2790102875994205
0.2475220832448344,0.2831529518564622,0.183274102292555
0.1693902104571404,-0.2429876687022927,0.2445118322538496
0.1609848779553909,-0.0948595190143712,0.1558255762017421
-0.0410910449489471,-0.2454285958530858,0.4800036664526805
0.3560407308075114,-0.2030295336248122,0.3576074488416751
0.0729613716033673,0.2496945500300894,0.3194747768190153
0.026646673824401,-0.3104319933665954,0.3468341440591164
0.3164550908778837,-0.215273168921057,0.4214184300649293
0.4143752185077149,0.0572825132504629,0.3410631701497163
0.0001175320790835,-0.3444021936219116,0.3092517417547221
0.0873311248588871,-0.1379470916491047,0.6058723081242464
0.1522539294780867,-0.1045090340661248,0.5964427679432577
0.1345336491095805,-0.0155687756981332,0.2421914413289201
0.0156170690163774,-0.2227742396462766,0.422601334181068
0.134865304755978,-0.2234747219213689,0.1776615868917226
0.4470335410711752,0.0262877910181507,0.1714390085271469
0.0642416437433889,0.1376611347407018,0.5752025975859294
0.1273245416175212,0.2828699239412844,0.2086487828342885
-0.0344045802060529,0.246664800332531,0.4553955260041414
0.053127529950096,-0.1752036692584359,0.5391619590580027
0.0275693630710468,0.2559697203009532,0.3533220117578781
0.1157848933427111,0.2679664332087068,0.1797497689649034
0.0701203344462051,-0.2513168208274032,0.5241887313836606
0.1229456114393856,0.268827369691026,0.5130460283548424
0.174550194944024,0.2357632990260417,0.1182098916772452
-0.0043090586083464,-7.340595446917158e-05,0.6456802325103552
0.2112781774383338,-0.2393992051442169,0.2195447340433602
0.2498442726332367,0.293228465361154,0.4177796565522251
0.1979344420837498,0.0884795165149787,0.5932970685772644
0.0124252711303581,0.1092689897809318,0.5804751048781123
0.066756427897984,-0.1092459051913607,0.5276636836965677
0.1967681516251818,-0.3309696111125343,0.3350722261794276
0.0213498509775108,0.292930875082259,0.4846223658713046
0.0638951455403144,-0.2305517290731329,0.1539534704597573
-0.0123418087134165,-0.1681851260789755,0.5145173723477816
0.3753730099892916,-0.2447609904553047,0.3131133821154437
0.0996780029739691,-0.0382554139489089,0.6335896042001975
0.1716322474252554,0.3430182972399203,0.218111527164678
-0.0119763737081534,0.2290134718442791,0.5159306098524808
0.1068257874521468,0.1704330087413403,0.5953248924314377
0.0520815838513836,-0.2527535861630048,0.501962019020914
-0.0310299615086701,-0.2939528501807504,0.3228156353417487
-0.0310299615086701,-0.2939528501807506,0.3228156353417481
-0.0310299615086701,-0.2939528501807505,0.3228156353417484
0.1653866997622763,-0.260382253049246,0.183965004451394
0.4053869705478223,0.0787398500214257,0.1192509514661747
0.1330488718611389,0.1321144996081756,0.4211428872777139
-0.0516811112831104,0.0128976006900243,0.6392909723862205
0.1466748649584559,0.2997620240171036,0.1115947329490761
0.1026421716394976,-0.1431530755106909,0.1506866833178013
0.399803650830197,-0.1404458010849916,0.3733048554620258
0.0609974803509444,-0.2907421939156288,0.3018289050088268
0.2364445617009187,0.2271239135096636,0.4858535241628935
0.1306138854082577,0.0880581488702437,0.1653606605852987
0.4556023799765869,-0.042194518261037,0.1470093430681967
