-0.1101898283898977,-0.1488255462700863,0.428335204012554
-0.0132384659475906,-0.0108810404509578,0.6446802926685979
-0.1451978194404465,0.0524336693938121,0.6176084338118053
-0.0898411673146712,0.1072847007733444,0.5432574527182836
-0.0900580037571073,-0.0712071981134473,0.2202292155132878
-0.0932791546471666,0.0511770312565658,0.2181689916638736
-0.119498666113322,0.1007943813522472,0.1823655365524101
0.0893788224104317,0.387984792504764,0.4332713867432165
-0.0882976551113052,-0.1274719887544611,0.1085320643095547
-0.1913801265281602,-0.1379339480097721,0.2571667695622673
-0.1036960051626204,0.1597190235353255,0.2131842796772252
-0.1294421855600194,-0.0435246229915999,0.61767147170483
-0.0291964968819482,-0.0587541134989874,0.6348349907640322
-0.0444140901347305,-0.0882241987182317,0.6272864740648629
-0.0691130590584944,0.052444653729899,0.6230171143397211
-0.0179204210161654,0.0789259199413376,0.6372481985669448
-0.0368732994989219,0.1012147969176454,0.6330954756416277
-0.0258047965160001,-0.0914061680077006,0.6362229466033661
0.0246163780608059,0.0655703836199998,0.6405035926415721
-0.1617483681807085,-0.17259415837719,0.394044073054414
-0.0377012630050052,0.23843315414997,0.5803497353002306
-0.0377012630050052,0.2384331541499699,0.5803497353002307
-0.039724895098668,-0.0822383946100531,0.6345860162751507
-0.1509358359182792,0.0720024716191919,0.2823057467143445
0.1347801454460996,0.1599814938054626,0.5974754637097663
-0.0305884474352232,0.0538418721729392,0.5981992827941769
-0.1871585801434777,0.1739211804855763,0.5717345678209519
-0.1474186756221913,0.0494029619724727,0.3570541811086606
-0.0310724549211061,0.0478905969452473,0.6398497566322181
-0.1029768459290056,-0.1032861529777727,0.6125720469264793
-0.0862727372549001,-0.1833877854629773,0.5999406718792669
-0.0684042355623433,-0.20326091055891,0.5935426257055939
-0.200811797314668,0.0463988344730879,0.4072587106331942
-0.1953528526709365,0.1652045017134897,0.5713333553130104
-0.1953528526709365,0.1652045017134897,0.5713333553130104
-0.0421827293075702,0.0739882747577398,0.6202496339394533
0.0295257267002318,-0.1447987144953833,0.6222211726698519
-0.2150149614381648,0.0476741925206166,0.2868890499427202
0.0776059016544114,-0.1176542540601606,0.6121369460208872
-0.0249788906350241,0.1354920632120454,0.2792986896679341
-0.0748517965384554,0.1040824601093303,0.4832444804662172
-0.1491993718739522,-0.1099563104314918,0.438595297059322
-0.0732050290041462,0.060764576746334,0.6216403840123723
-0.1994058645987031,-0.0642762145376294,0.4133222950984724
0.0771383970969072,-0.1330791808360008,0.6187672698641354
-0.1228908456585744,-0.0946167643918581,0.2492990059006099
-0.0686440022091422,0.1296788064360491,0.2355192163039279
-0.185853689324578,-0.0793747287456503,0.5984593877817024
-0.0867098374214525,0.2541876264549906,0.5625655766848224
-0.0867098374214527,0.2541876264549912,0.562565576684822
-0.1242464786528194,-0.0696595577486322,0.6112492254901206
-0.0844717418299135,-0.0395114306257217,0.6029683089319776
0.2197355305519434,-0.4240305110100665,0.1906424860212976
-0.0843741701043176,-0.067062440686425,0.6188252855004228
-0.0648026419076315,0.1585008807825357,0.6136786413800117
-0.155912787786495,-0.1196207718405728,0.2747728191904725
-0.2245404795678084,-0.1037846617758177,0.397740330901836
-0.0378750014530156,0.017836770512586,0.634891299890059
-0.1372843147743981,-0.0707383734032926,0.1493799342112649
-0.1179680636645283,-0.0942810716792828,0.3098496109494166
-0.0640531283096489,-0.0702270764877291,0.6209747932301553
0.0261076664284689,0.0391793078977491,0.6431496024691186
-0.082589715675969,0.1461335649125388,0.2922826679692348
-0.1738613498387103,0.1215713046823351,0.3740870726741726
-0.0029696945214879,-0.003696616015614,0.6404679748790937
-0.1022672597425173,-0.2043480425987751,0.5873228903593352
-0.0365847517198077,-0.087635000770938,0.6328014097782025
0.1457793876068044,0.1778333752646494,0.5866428961054634
-0.1384218501387314,0.1127985243534877,0.4989668999941607
-0.0491897015271206,-0.0567372596973444,0.6343533317076337
-0.1391498777206759,0.1545599814164734,0.5549568103290402
0.0806865669177367,0.1605503026064443,0.6105868203487007
-0.1639644019464484,0.1316969866035042,0.2051626876298399
-0.2332114108382114,-0.1002062375181132,0.5123870137598341
0.1911729382644574,-0.2951741584442757,0.1106658850103355
-0.2073623537970372,0.1217786152218593,0.442968918925508
-0.0021767092426613,-0.001386620154178,0.6457081992525056
0.4734436421192254,-0.0039439724466782,0.0909296674854751
-0.0675237993218594,0.3190242855554916,0.5177388642758315
-0.1915763682286496,0.1148802010387334,0.5894580642629843
-0.1502333915276927,0.1677509231679726,0.589393775976289
-0.1730298377821921,0.0639566815959704,0.6087307303605183
-0.1000400449962115,-0.1281851175680411,0.6064616023398296
-0.111405138929498,-0.0722633594776895,0.6228907359911521
-0.0710372032428585,0.0374225663233811,0.6285712812940998
-0.1414710807728787,-0.1565970315565081,0.3033446432343539
-0.1336430498375652,0.0890433269762966,0.2169253984521038
-0.0404090362323288,0.0567873723960144,0.6403847321422026
-0.1155526531022906,0.0912281039645622,0.1819574512861708
0.0648892317840769,0.0261237914458041,0.6399364368730046
-0.1138899506535865,-0.2546848884126204,0.5514241673384738
-0.0795252190449698,-0.2428815570091298,0.5706573162299683
0.1330788831856856,0.0530118207856787,0.0906930283834357
-0.083414554319964,-0.0119561604281776,0.6374348887170967
-0.0185675574350996,-0.0527076466023532,0.6216485994647252
-0.0516300838310305,0.0255745038889739,0.641493056050291
-0.0516300838310303,0.0255745038889738,0.6414930560502909
-0.0807107324157248,0.0904021612106631,0.611406750925468
-0.0806568017869476,-0.0520860596532237,0.6319476013815368
-0.065043459960336,-0.0911681711265616,0.6230960642903934
-0.0043772987029931,-0.0069240004958346,0.6244152240342322
-0.1939997964791706,-0.0707260260876285,0.4789901350001346
-0.100326683036634,-0.1199892224187242,0.2212090822900245
-0.100326683036634,-0.1199892224187242,0.2212090822900245
-0.0760188277595955,-0.1535328450132349,0.4679542272055524
0.0139029415812825,-0.1346181605890241,0.1018495565467762
-0.1766010318083698,0.1118030354538223,0.1860504772510801
-0.0862132301197245,0.0852053642811644,0.6225630399606202
-0.1787580612806738,0.0716404259647743,0.5718585161328035
-0.0160399870432145,0.1287226017039576,0.6203544276180207
-0.0905899645823981,0.136236737354032,0.2573318941186262
0.2118289673173979,-0.3649901424249325,0.3936850717796118
-0.1535486436377046,0.0817434855775365,0.5114400986029944
-0.2308162787151519,0.1264173426265008,0.4177476077887271
0.0197485254389132,0.1226071415074499,0.6284622037948057
-0.1588106406892831,-0.0886613664362757,0.1789152054631167
-0.0135458791371504,0.0259567179549557,0.6445978488281578
-0.057339595718888,-0.1714774516636489,0.2831482172282611
-0.0541654267904235,0.1563201789080115,0.6162380788781057
-0.145241841018954,0.0529228919313134,0.4820715872830509
0.0421624175991252,0.0202527510246406,0.6433508441242358
-0.0565041795293452,-0.0984898619632697,0.6281603154690345
-0.0895060452491084,0.0710031971734079,0.5715580561063404
-0.102170959155535,-0.1152886262587218,0.6203021783411067
-0.0658042079794851,-0.1355167348280098,0.262548422666587
-0.1181386640497048,-0.1324343127328818,0.221168181255339
-0.2146206282360425,0.1031090821838305,0.5800458886589702
-0.0916839228937558,0.0372501415424947,0.5571293397983708
-0.1737539946654323,-0.1611350906238531,0.5827459241894105
0.1014131121565647,0.0923334353801076,0.62567189969198
0.1037340809515802,-0.1391203687428864,0.6124792885882873
0.1345366115583383,0.1287362903863676,0.6076161102840102
-0.0656194119859552,-0.0465985079623095,0.5972381392499279
-0.0081556872962175,-0.0192363121115829,0.6392088047487671
-0.0829426434582102,0.1498349355512897,0.172196631766614
0.0987371136115425,0.1011652136960791,0.6240472055111265
-0.1412550727253332,0.179804931593417,0.5869906640199538
-0.0522099319936726,-0.0738338794269428,0.6083820760385388
-0.0741173624862406,-0.0396726118354297,0.6380313077705797
-0.1554632792511455,-0.0989753238870434,0.3972311749603121
-0.1554632792511455,-0.0989753238870434,0.3972311749603121
-0.1100886674438695,-0.1071900392070443,0.5761908164508193
-0.1162407400268552,0.1293476520500291,0.2255371604573714
-0.1162407400268555,0.1293476520500294,0.2255371604573713
-0.1464019336997449,0.1839741459505879,0.5620317134482943
-0.2055391094566092,0.0911423446125939,0.4827046306816454
-0.1439233405867149,-0.0955637923756578,0.5193971397503004
-0.0173270170737258,-0.0284719531940437,0.5893080377407021
-0.0109507270869056,0.0956367555490984,0.6289743419794781
-0.0625281327008935,-0.1351191273016032,0.1025037206019534
-0.1438477534084673,-0.0808598892766793,0.6075151983652495
-0.1540358103713748,-0.1713690933199798,0.5857100648130393
-0.1697235116525045,-0.0761619340670265,0.6056596721591174
-0.0502768951070898,-0.0446353058079609,0.6320159395156413
-0.1428784877203356,-0.0950828384100764,0.1375370507947636
-0.1251888298609845,-0.1329390476451475,0.4139874143611824
-0.1600821585191957,0.1338743316906498,0.1769055355834483
-0.1312792054219905,-0.1084953640281141,0.5706891855946207
-0.0703086168575312,-0.0744504879442663,0.6253404389390654
-0.1226335171496288,-0.06913961631857,0.5798990932080814
-0.1231545601816707,0.1602279184887117,0.4811773064580791
-0.1702852971363404,-0.1458905196640235,0.222524230238732
0.0046722192054484,-0.0266992539551857,0.643264516656052
-0.0854156030631077,0.0667689721149881,0.5472752292956743
-0.0988706281921744,0.1453319541001635,0.429443902646922
-0.1483669041645671,0.2111609239645357,0.5617804166504924
-0.0323167161392547,0.0373109178370215,0.6325140244619424
0.4582994028955011,0.1386789026930216,0.1902654650507392
-0.0734986247811842,0.0595301771340148,0.6219206603482365
0.215095678371001,-0.2833402309630443,0.4876601377787292
-0.0838734942797822,0.1100249819354115,0.2305824357320116
-0.172181169768548,0.0758115162802208,0.2285979020790199
-0.0916044139265999,-0.1530165555041309,0.4514506460129857
-0.0730894300309125,-0.134198088149464,0.2620125777312087
-0.0862673544738994,-0.1431067786986727,0.2816984559821771
-0.1412133520919621,0.0666623633090104,0.5172804795435155
0.009577532108933,0.0305153860618691,0.6443734984977203
-0.0134964908040069,-0.1932272529980682,0.6043936249167906
-0.1553536043791592,-0.0915057995614917,0.3774582621715847
-0.0756719983363992,0.0234715195540425,0.6222273061531218
-0.0658666073227181,0.1365302685146897,0.2224681885436668
-0.1520571235648861,-0.0734805832287321,0.3197621640480044
-0.1087056855592362,0.055937006014991,0.5468206741791377
-0.1230251909439417,-0.1355755596943619,0.466108928546615
-0.0649950252816178,-0.046979630959231,0.6239780798915668
-0.0688672776191773,-0.1362429557183984,0.1526500496869014
-0.0217473529968684,-0.0206758228720705,0.6074811171567626
-0.0112342205116617,0.0990085113896709,0.6352497629454649
-0.1412298890304236,0.0859966839407592,0.3227376730988888
0.1682688224099584,-0.0620487075483262,0.6095640925779329
-0.1948953491428112,-0.1079297861883633,0.3930684931407641
-0.139566620055978,0.1140879889355697,0.6002715692386229
0.0406408041324953,-0.0483250215321699,0.6340571058966518
-0.0532844886558482,0.1053749937199868,0.5659770310919271
-0.1011282391609387,0.2517389913643741,0.555318663040589
-0.1447023343430623,0.1215881177894235,0.1706553340725592
-0.0287474961587317,-0.0149523834562173,0.6438180383782769
0.1227039671098531,0.0606733757129004,0.107883868095183
0.2112660993106639,-0.4253363431963827,0.2036066987692592
-0.1506798491313924,0.0832338511291497,0.1790837715548614
0.1043142890988101,-0.1658403593858924,0.6028055926805732
-0.0232169170487091,-0.178937926856996,0.0910287717256905
-0.1389863843686268,0.0611940065047174,0.5594404725822482
0.0995020307011501,0.1274212498301007,0.0991944056281968
-0.1160958452887835,-0.1069114074183932,0.3341903050298822
-0.0861852323800191,-0.123437626415816,0.4291697868819361
-0.0058598455346057,0.0686484612675711,0.6329712460882908
-0.1723850405680449,0.0640366283109327,0.2692561096746882
-0.172385040568045,0.0640366283109328,0.2692561096746885
-0.172385040568045,0.0640366283109328,0.2692561096746885
0.008410199051274,0.1124369385935007,0.6322379931103389
-0.099765142736968,-0.0541719389187497,0.626135602040253
-0.0997651427369671,-0.0541719389187492,0.6261356020402532
-0.1297011839366014,-0.1708455053058329,0.4023618362723874
-0.1336325255353429,-0.0923183240721382,0.4999519160664046
-0.1649586782755602,0.0761435119699607,0.193911883424119
-0.0037935316490619,0.0031634510470586,0.6133131482302963
0.1706954290444698,-0.1047935550772013,0.6016987522208233
0.0293457525974858,-0.1071179152753433,0.6322837293719641
-0.0040335194203522,0.0181990289708381,0.6448115690159636
-0.0415770558176325,0.1274080034423754,0.6109133155269588
-0.1301903292500499,0.0531621233880814,0.1809262592969146
0.0720223337682544,-0.3310844411885982,0.1393181812998396
-0.1048187975890639,0.0953266561170676,0.6241237637744645
0.0356566573130622,-0.1280140098985638,0.6259751622922158
-0.1425673797205384,0.1427177368207804,0.540649908786235
-0.1425673797205384,0.1427177368207804,0.5406499087862349
-0.1152141956840825,-0.116898384055196,0.1670929988206164
-0.022493411836273,0.0441691195025217,0.6425053407392098
-0.080072411379237,0.081935284570094,0.6056830376954916
-0.1478057903709563,0.1639455090607627,0.1852113296456863
0.0883897229477998,-0.1468042777683487,0.6126188920350835
-0.0569744554080336,-0.0560529248160172,0.637230771213174
-0.0799271576428389,0.1167294966742335,0.532353143627011
-0.1214326840005527,-0.0443967951539711,0.6268956814084597
-0.0882234972561489,0.1390262959811403,0.1403852032602814
-0.0102373720054734,0.0115881938091864,0.6441077921278037
-0.0193732365200505,-0.1106524501681398,0.6317998539144853
0.1081184671472966,-0.0651273528899289,0.0938072579131875
-0.1933964515906839,0.1249769231990719,0.5867696063271055
-0.233101815131447,-0.1286849604014214,0.4940603079643962
-0.0063029896831396,-0.0842125397738389,0.6315911393527737
-0.1001100835417359,-0.0537604372901179,0.6037839835530107
-0.0714354123388889,0.0887899070369465,0.5714074205723398
-0.0220391178706928,-0.1259179314324505,0.2339802332299475
-0.0644115593753917,0.0977575931218823,0.6004823891402897
-0.2233991210798699,0.1013020259595113,0.4677393669034063
-0.08042251776386,-0.1521249116199416,0.2645425832389035
-0.0569183246103182,0.2407088692854547,0.5766211375991642
-0.1496457250583151,-0.0730793095929927,0.3543020989465678
0.0753933327054499,0.0421678857969593,0.6321385538491547
-0.1189990337852078,0.1204211892615562,0.3248181345802097
-0.1189990337852078,0.1204211892615562,0.3248181345802094
-0.118999033785208,0.120421189261556,0.3248181345802094
-0.0798459624255814,-0.1153034756168499,0.1961769718953925
0.0891717519211813,0.0488508946466134,0.6290494931740153
0.003256949989523,0.0167824349879926,0.6255724091062528
-0.1733736134707766,0.1216366325464987,0.4642712007921786
-0.127236485657601,0.134079975205784,0.2436685444822303
-0.1528179805963347,-0.1581380851850486,0.5687597985133765
-0.1528179805963351,-0.1581380851850491,0.5687597985133761
-0.1340852032044795,-0.0507581414908254,0.4814446266797656
0.0995019724377161,-0.0798744016317232,0.6207559203023638
0.0300442090196472,-0.0576999312526582,0.6412384690722409
-0.1283240659265374,-0.1261113492593578,0.6014008165753086
-0.1283240659265374,-0.1261113492593578,0.6014008165753086
-0.082999152655079,-0.3099274996057927,0.5219916248687079
-0.0244149135133419,0.1179393886044049,0.0919630522118418
-0.1479406249701049,-0.1645340651882653,0.3305736211393537
-0.1479406249701049,-0.1645340651882653,0.3305736211393537
-0.0180320692793277,-0.0451238267161168,0.6378146221811203
-0.2241648156048915,0.1335439168698501,0.3621067780916844
-0.1060811051948594,-0.1561498017725917,0.3642583084690008
-0.2039326448737828,0.0782565316703196,0.3271524257662859
-0.1152759985186568,-0.1457511434792733,0.4530605202844319
-0.1974317239193933,0.0773153935607931,0.2652588540383931
-0.1295967843795989,-0.1379329857971175,0.6011340041878477
-0.1298407303440416,0.0590507092652082,0.5128408051762582
-0.1298407303440416,0.0590507092652082,0.5128408051762582
-0.032274296672628,0.2337870692379574,0.5834956347505345
-0.2048835641815029,-0.0961705884686513,0.5378798384392094
-0.0811717152349347,0.1242066604893478,0.1356683964760043
-0.02230576310789,0.0193149206862148,0.6007267454746273
-0.1324545412236334,-0.1422834519807287,0.2470918770313673
-0.1172262522782938,-0.1390499789631456,0.6085805916987481
-0.198178464870858,0.1454355272497562,0.3017474500754484
-0.0270773809980846,0.1011407843265592,0.6334091015836341
-0.0090638158897291,0.053144389355861,0.639173455954265
-0.1042254374426339,-0.0389261398577688,0.6325883660685385
-0.1360762960310735,-0.1072763085170496,0.5870253982034128
-0.0682746467374635,0.0332703328373326,0.6157370313917575
-0.0278275362122363,0.1068336592519548,0.6327702507736618
0.0639903838337728,-0.1380280345215654,0.6194276069390423
-0.1067303588051124,-0.1030654086408515,0.1555463319971011
0.0354195813825925,0.0560250331126382,0.6399225061230893
-0.1442096381641405,-0.1385990919603442,0.2104034051575112
0.1314662213973282,0.0423248708904072,0.0982142225920561
0.1314662213973282,0.0423248708904073,0.0982142225920559
-0.0617364556705347,-0.1113829709824509,0.536304715934589
-0.0085405084623896,0.0103498108567089,0.6390545652693734
-0.0739226761693396,-0.1199627407448192,0.2117212623735588
-0.0509014437882055,-0.1274029671713937,0.1960107425782387
-0.2070107227468237,0.0826232469811258,0.5826903945386965
-0.1068625491018171,-0.1136750388498892,0.1178139665145173
-0.2260150974821587,0.1135541765477363,0.5017641220537152
0.064960424823871,-0.1085913125954836,0.6258472303273968
-0.1880394943373991,-0.1766129039733035,0.5696390434906243
-0.1798144053275279,0.0674121947059681,0.2050946830213406
-0.050393317599928,-0.0619205362187942,0.6293082319906133
-0.1202832945390969,0.2523595393252614,0.5552654232303286
-0.1792699801844838,-0.0727352946865455,0.5766759398258252
0.0291910888975512,0.0157141340093881,0.6434195086709268
-0.165998075691575,0.1373322952168917,0.5257626707899871
-0.0665655307202963,0.1215628220118226,0.2129257271369869
0.1271004951673568,-0.3536035593251653,0.1521336156647433
0.1043219233752283,-0.0641968094289863,0.6291341147892632
-0.0520326553870127,0.0772176575305854,0.5391845659826711
-0.1135008538147246,0.1701818319030968,0.5998304994894302
-0.1650393212935577,0.2268783570992772,0.5470683286831072
0.0321060903274088,0.230956269212573,0.584379340496838
0.0321060903274088,0.230956269212573,0.584379340496838
-0.0618857482219261,0.1102100648813891,0.5131021851715644
-0.1002324424064792,-0.1261652520193316,0.3348585656957093
-0.190361341698898,0.103198747525876,0.525391723983947
-0.0026661387260134,0.0106007746603869,0.6446935359482919
-0.1444531742300299,0.1821577036227069,0.5635503183100854
-0.1337533587792772,-0.1175069426998694,0.3020201520723893
0.1021572095650765,-0.0947264653775208,0.1120102514578999
-0.1510156804135264,0.200224796512096,0.566035020935718
-0.0857670522892736,-0.1343380618319737,0.1347913699623968
-0.0632333088765875,0.0881773834919348,0.622958156038574
-0.0731968214142955,0.1234034073629039,0.1269178941255793
-0.0381382296099321,-0.0194686076636017,0.6400298227106251
-0.1628357238631197,-0.1167686073011726,0.5950301854511847
-0.1458874819769003,-0.1260887415336644,0.3844798289977764
-0.0016968535634975,-0.0785702746055632,0.6322298597568741
-0.0446156802025826,0.0959503001807291,0.56857552671466
-0.216945239769924,-0.1144383710598127,0.4867964354419014
-0.2133610905464188,-0.1714770575121807,0.5145858887714232
-0.1257136154553784,-0.0876417184076586,0.2391945215519623
-0.1257136154553783,-0.0876417184076585,0.2391945215519616
-0.1257136154553784,-0.0876417184076586,0.2391945215519623
-0.0901670775776111,0.1429586812785946,0.4327247785252829
0.0200698622353426,0.0369353635033821,0.6438754268396323
-0.1835708133187847,-0.1586702485300913,0.5484687626740331
0.0769066766685316,-0.1037055576817137,0.0973808082074671
0.0346354748352912,-0.1135562185623153,0.6248853655413183
-0.1623150380423881,0.0864632623303437,0.5034406700812523
-0.0251993981955865,0.1472593264867362,0.2610532048943577
-0.0680337978561353,-0.032171435971784,0.6185321276139115
-0.1965587790468087,-0.1247233697202559,0.5745744747784279
-0.2402055275292631,0.1032945091995073,0.5008363851709567
-0.19650801186239,0.1160011601673933,0.3034194667118317
0.0597532268756102,-0.062492475891435,0.6237720192837702
-0.1269424356432189,-0.0820206216969972,0.1637989388060666
-0.1269424356432189,-0.0820206216969972,0.1637989388060666
-0.1592727939980515,0.0745254489826337,0.4458601594367569
-0.0721992537153732,0.0246982738672293,0.6239081452718167
0.0197920330426196,-0.2090341553247382,0.5972037456497531
0.0586366469624845,0.0713377662152932,0.6235757065570218
-0.0770102356347288,-0.2177573532626436,0.5863867638671408
-0.0023001584167034,0.0009957264470297,0.6447672932929295
-0.1618599502807229,0.1854245330879195,0.5587798759191508
-0.0384231940528291,-0.0627130234039052,0.6376899254261975
-0.0384231940528294,-0.0627130234039053,0.6376899254261975
-0.0077093410720865,0.0190363445719107,0.6452630234914261
-0.0427018926188837,-0.0515971973697771,0.6338583345842189
-0.1569211194444854,0.1145008129656671,0.407641676359949
-0.1569211194444854,0.1145008129656671,0.407641676359949
-0.1569211194444854,0.1145008129656671,0.407641676359949
-0.1138344352237795,-0.1396017366939404,0.6099570462037726
-0.1306427058476208,-0.1183832471253975,0.6067659014584731
-0.1278748323384156,-0.0663646764628788,0.2136845614556644
-0.1176377052469138,0.1284798819651074,0.2160457006938137
-0.1176377052469138,0.1284798819651074,0.2160457006938137
-0.082892309577034,-0.1165103436661191,0.5058504526947645
-0.1546248379090924,-0.0744311670124161,0.3298806594774374
-0.1001734035027756,0.0677949748593089,0.5206627378891072
-0.1961906564185211,-0.1474401415666882,0.4300586604586481
-0.0299502921059752,-0.0689532388422954,0.6198451795525596
-0.0707373112891462,0.1223532620606427,0.6012375276920584
-0.1077366234385238,-0.0630404490927788,0.5399085427079026
-0.1077366234385238,-0.0630404490927788,0.5399085427079026
0.0658313896634718,0.0287909996971128,0.6398133894406023
-0.1415983630327896,-0.1778134910137271,0.5884087214696305
-0.1488237471635908,0.1332711866656233,0.4054661370893375
-0.1092783199640853,-0.149346892727941,0.6026909398019987
-0.0591557708392337,0.0644873342332044,0.6229050414007641
0.0588971532687859,-0.0687229130036604,0.6358163917184277
-0.0374745657274851,-0.1053424759612907,0.6218361073663622
-0.013481157443118,-0.032028910152706,0.6435860535197648
-0.018277375002511,-0.0410869484389567,0.605642617343082
-0.0703667649845841,0.1578364487368027,0.3779723955118202
-0.042531242190122,0.097622355922513,0.6251450189522532
-0.0875026711083852,0.1200818236139474,0.6189316944403453
-0.0127706065389467,0.0717554002126393,0.6275978131447001
-0.1352447594210132,0.1789075440639956,0.5898382115417006
-0.12596811464702,-0.1664889358192399,0.5822291525728241
-0.1474450272052614,0.085281444579189,0.217562335839809
-0.0691149897475311,-0.0294547891206081,0.5910353501874835
-0.0799805056418352,0.1387406069823411,0.5468859326122508
-0.1161756058683193,-0.0475843689286673,0.6274562545328362
-0.1437108821266132,0.1770158004944606,0.2107556241272063
-0.0370609919321295,-0.043520090578674,0.6009967967106515
0.0459055018964882,0.0191767009258618,0.6405644914336064
-0.0868131811750586,-0.1062271171359182,0.624569820464739
0.1089285485599474,-0.1015124205803238,0.0993890421311508
0.0512417551793544,-0.1607622265188422,0.6149264416785297
-0.0328694697858581,0.0629951170196128,0.6404130125310575
0.0074476363478503,-0.0450143774292313,0.6382664928855541
-0.119177636063205,0.0752004623333895,0.6194268173016328
-0.0516076160662267,-0.1516505052019237,0.2199362091469922
0.19068110826029,-0.4238710174816902,0.2838002976576009
-0.0953704892869834,0.1317471131632914,0.5311566661722782
-0.1207554679408392,-0.1523056150046084,0.5459002065119996
-0.0807315735119091,0.1049714911223201,0.6265570885845086
-0.1726871034635612,-0.0847429197382158,0.3781121533526647
-0.1696501376519656,-0.1861645500609446,0.5515288194654602
-0.1696501376519659,-0.1861645500609449,0.5515288194654601
0.0577374608165564,0.1690409760627477,0.6111226231232592
-0.1674095316680388,0.0737935767961677,0.4099883093168223
-0.1089008381519585,0.1759457546202616,0.2962068176155261
-0.151029654819385,-0.1411792440259662,0.553911857141781
-0.0555149822326128,0.1326349024113786,0.1775457712541859
-0.2151600166055038,-0.0902505231049069,0.5305650798106255
-0.1198054017812209,-0.1331612242447195,0.5583269240512605
0.0486624357023742,0.0521935134194432,0.63665550066065
-0.0418903457510602,0.0479996650435597,0.6412190952823907
-0.1605926876741084,0.2021283680665123,0.5627567381611203
-0.0013843698724654,-0.0412566958227749,0.6437372612694563
-0.0746390572869581,-0.112308604943031,0.227327826572961
-0.1286938233313246,-0.1590685580507131,0.5948957013866444
-0.0464461604666523,0.0685705293677705,0.6337209592781444
-0.1559074647217664,0.1007650689472006,0.5570643319453883
-0.0507248142957613,-0.054088000284841,0.6247140401732694
-0.0507248142957613,-0.0540880002848409,0.6247140401732694
-0.0430834720108734,0.0863592598769062,0.6359060048513819
-0.1570758445135889,-0.0780077326186917,0.4098387991315685
-0.1859805072899037,0.1592477426023102,0.577769155213153
-0.0071958816088296,0.011119354665375,0.628950158119162
-0.0162203158510765,0.0066248583167901,0.6444016926315373
-0.1740134285395674,0.0981872732268521,0.5918098233083859
-0.0207377490312977,0.1599389826372543,0.6171749039543458
-0.1301111519795958,0.0385525377080085,0.6260991741748556
0.1583175535671888,0.1762070365285744,0.5828871130762483
-0.0688375030512467,0.1181597972937458,0.6028610214313036
-0.0741235224308325,-0.1468213439169547,0.615833837236033
-0.1716291959865943,0.1072946254754134,0.4611610618226908
-0.1716291959865943,0.1072946254754134,0.4611610618226905
-0.0163790260271821,-0.0872143855237778,0.626014926018682
-0.1587981021365796,0.1281534886841458,0.5549971021411181
-0.0796557049734932,0.1090062398555337,0.510089423977457
-0.012519397864812,0.0534017176047652,0.6319961924050024
-0.0403120764185608,0.1100778422784978,0.6068537359619813
0.4555620157189357,-0.1487942734308237,0.1674452340694355
-0.0616070225163434,-0.0543219434256817,0.6302409837272303
0.0216610493745038,-0.0115758695548801,0.644559071244394
-0.1335543782103609,0.1604772691181052,0.4299056645858847
-0.1575129253238985,-0.1546351268285055,0.1821239756639719
-0.1260883927558264,-0.0782640954956174,0.1341110513863384
0.0543311120410174,-0.1601982910880977,0.6148147597588054
-0.1385029806882021,0.0769403397133531,0.2459236975068973
-0.138502980688202,0.0769403397133531,0.2459236975068975
-0.1532725929110373,-0.02901599020042,0.6166462609512743
-0.095537860166602,0.1088373924809769,0.6221242738039281
-0.0975657881621871,0.0831641529167601,0.5569902825629992
-0.0975657881621871,0.0831641529167601,0.5569902825629992
-0.0748723860275187,-0.117541425119162,0.2585661840263543
-0.1748738608556766,-0.1431049011814428,0.5879685843618497
-0.0017088592656979,-0.0011915865303876,0.6446199218501357
0.1849371004711016,-0.3642895651297972,0.1149158384283814
0.0891789929582803,0.0937010509843589,0.6204351557237596
-0.0487710444826826,-0.1980462171467769,0.5998158069022428
0.1176949588026274,-0.2339629430632427,0.5678605756545162
-0.212055605555443,0.0881990225563779,0.2845265534505863
-0.1343922231291055,-0.0568550508372049,0.4870227255318008
-0.1343922231291052,-0.0568550508372048,0.4870227255318009
0.0367783258672865,0.0393819081672636,0.6367090312064114
-0.1030631798940231,0.0760065308119548,0.2421940569219609
-0.101470404764624,-0.03279597383205,0.63061191247658
-0.0014225389309402,0.1662460495446692,0.6134253054064376
-0.2265840736844116,0.0891092518946288,0.4760826105708878
-0.2015444369697548,-0.1390244138422303,0.3638529759237266
-0.1303505506137778,-0.1506422055310571,0.584835087123121
-0.1042495317165165,-0.0766166247194971,0.1027591155288371
0.083751715534037,-0.0374710080196465,0.6366300861715694
0.0756662341707811,-0.1566322019208493,0.6123323611487823
-0.0675554263277374,-0.0901355352271566,0.6275746495020349
-0.1055536046967416,-0.0798666836882889,0.53443607979838
-0.0062806498289237,-0.0471348363481469,0.6397665793786427
-0.0857457070085793,0.0357472677116315,0.6112252429139967
-0.1732642556004797,0.1481938632359875,0.4126565601252523
0.0343254958320945,0.0202500570910562,0.6434890413571049
-0.1597367626209439,0.1051164579921161,0.5715670324382671
0.0423870586703819,0.1024678318613115,0.6327222948229531
-0.1590216427235838,0.149557880700823,0.1978284476848545
0.0030211287703513,0.0343156375483955,0.644377109863113
-0.0032552386185896,-0.0175876936387339,0.5937420701553734
-0.1588351183836176,0.163066244901872,0.5880833866678152
-0.1588351183836173,0.1630662449018723,0.5880833866678152
-0.1209599774635415,-0.1052430315305189,0.6100785598075252
-0.0850573343673107,0.0521169055441339,0.6320834301700385
-0.2010047578476666,0.1488406155755098,0.4884812960310672
-0.1464544993714934,-0.082237986189967,0.2649333039163158
0.4399507039316179,-0.1895397859088613,0.1471757188879661
-0.1389538927134181,0.1190230692489039,0.6090669122226277
-0.0784957203738194,-0.134143038698315,0.1015548629083842
-0.0462505947956084,0.0947604908026101,0.5649952960880898
-0.1566437334031641,0.0879402666972632,0.5461121966123949
-0.1566437334031641,0.0879402666972632,0.5461121966123949
-0.0440990297802106,0.0263731426677912,0.6371597197538592
-0.2235616388176333,-0.0837824237174681,0.301161996649599
-0.2235616388176331,-0.0837824237174681,0.3011619966495993
-0.2005775477378893,0.1700099497609121,0.5212366602759602
0.0699542924638426,-0.0473845124499683,0.635828682897262
0.3018241713822975,0.3721459395352036,0.1823299452442936
-0.0635308810148481,-0.1502470092344823,0.3687460182003333
-0.1911971081067716,-0.1437175426952941,0.5630185403039543
-0.0186273103012364,0.1220766472615034,0.1034544597305602
-0.0569021615046912,-0.2107931509160844,0.5913750186780665
-0.0603480907520777,-0.056921149677406,0.6384779404553825
0.047115731408316,0.0172074621821334,0.6426994043800395
-0.0755562213976143,0.1080603966175454,0.6193631788818802
-0.1409731607398161,0.1606316463482491,0.5772187120368871
0.0401120292743344,-0.1570415148720958,0.0954450965954658
