-1.067564970507748,0.5018024047309254,1.0643815995645542
0.9557569067580896,-0.0952557885981926,1.1390724597134538
-0.8709763306378341,-0.4518881349943429,1.038562094950334
-0.6236639118833934,0.1685268810446173,0.8221746566984066
-0.8030620507373023,0.0169178998916062,1.2284549385871482
-0.8030620507373022,0.0169178998916076,1.2284549385871482
-0.1736401964876922,0.7950165382324488,1.560225519776227
0.7514153824516413,0.4290807678898868,0.7419264951137732
0.7514153824516423,0.4290807678898882,0.7419264951137755
1.1124876063124152,-0.3546705178951703,1.5436915602393393
-0.1351397574069441,-0.3552681298955878,0.922406198047939
1.1085530670371757,0.1413618285743477,1.326047876603122
-0.846463295094616,0.0458082195449414,0.7759107506763854
0.1335683929067715,-0.037864928061366,1.1154972545718096
-0.1914613638103089,-0.2339391881355929,1.048926313677267
-0.3647728717210965,-0.9698091860592803,1.584355201947525
0.5417385082044853,0.6017182908740376,1.3478405574773868
-0.8651876810018668,-0.3037938102554353,1.3993685651698875
0.2346397689120339,-0.4573172497289196,1.087852415460618
-0.0926490861613585,-0.6840924530101867,1.3914456374885986
-0.4410550032432864,1.2239824886924813,1.0691540259983616
-0.9430843554058094,0.3340399480140089,0.7082071685980258
-0.0918816348666388,-0.205679893379317,1.0897972659349024
1.295396519344956,0.3700005570950531,1.0068279232174029
0.4320123144346385,0.3810017885309109,0.6787880653837822
0.4979396691683218,0.6183214566746612,1.2897985727390655
0.8268100536761043,-0.6390507524730097,1.6817325049309284
-0.9085033880969424,-0.1643103928463708,0.968986104915736
-0.2858102579934223,-0.4546024191063933,0.7804084521194635
-0.2316806240553188,-0.5297431960333977,0.5219999752610968
0.5333341678300955,-0.92790266015662,1.1426588514309113
-0.898095343877482,0.1710096824886618,0.5220571784267066
0.607532509380536,0.8553888762454867,0.9624340966580714
-0.4466448142476851,1.004792390456417,1.6405472301824102
0.023646111965498,-0.9724482686347744,1.4624615978757245
0.0645104322409293,-0.9692825884062808,1.6895843924516345
-0.1571311389339876,0.1244295083869954,0.9133229774421656
0.0646117648254981,0.9280529892027504,0.5368247445845529
-0.0405093138830563,-0.0848686770832758,1.1279154661172228
-0.3610497951452991,-0.940769309386218,1.0136253396482806
-0.7197318360860551,0.6083352926749519,1.6283587518726006
-0.7197318360860542,0.608335292674953,1.6283587518726006
-0.0634388403724671,0.0220860632917845,1.1055911237424343
0.1607218535408201,0.3079274206916252,0.972532448629448
0.982251952015209,0.4541009780797828,1.4806503114442664
0.2247277999446678,-0.3170383090131119,0.7855802353666705
0.4151647908004641,-0.1458863950747654,0.9155872950609784
-1.0879730235275171,0.0241997637823221,0.9652798933514376
0.1863253046632346,-0.1005971402090238,0.9933123109053068
0.965799009262062,0.2126916179314911,1.5656919570941354
-0.5608435456840032,1.136442567703404,1.1784091369575604
0.4750282415004876,0.870953533625131,1.6989437071321634
-1.10146776660308,0.5429749857168137,1.0212434563210715
-1.10146776660308,0.5429749857168162,1.0212434563210695
-0.248298858720558,-0.4929510515158704,0.7879321268548747
-0.2756127670714179,0.90105128342161,1.405408460714703
-0.2756127670714179,0.90105128342161,1.405408460714703
0.8035656433260984,0.5369506004835465,1.0574016708099974
0.2013760864471007,0.2002414382116685,0.9147867019412323
0.5724962668184322,0.1076252130794176,1.068974995578513
-0.8240404084469846,-0.4385215805181328,1.082605517162467
-0.8240404084469846,-0.4385215805181328,1.082605517162467
0.0792374239289994,-0.109656655732773,0.9594086043122032
1.1430838642025756,0.9522016169999642,1.0335258936514178
-0.5571422317086342,-0.3768006698329305,0.8280944118897005
0.2898505695732663,-1.0062499509436318,1.6421205085111492
-0.5483608518094558,-0.8687632956195804,1.6916404805195016
-0.4151331795496782,0.8615393559281803,1.732570000060298
-0.2296423973305524,-0.2269085734468049,1.004949342075912
1.0107586661831935,0.8445388211221284,0.944784384698795
0.4388271636069636,0.4069925539398212,0.6002286498871989
-0.2235566007609759,0.0268914678083366,1.0121732498179987
0.56716291578756,1.3184848758875054,1.2551320244844335
-0.9118761561942296,0.3340730557523055,0.9200913197479884
0.777576925751477,0.6931092816653691,1.436590748098823
-0.0048916512192547,-0.375102662168252,0.8767730221789389
1.0287978390822885,0.3779762751921952,1.0486044747497203
0.6011949442161437,-0.7346736238268118,1.4678543469440826
-1.0326631187150674,0.2568026874567916,1.0397758015791148
-0.0090450960172908,-0.425365210913161,0.7717063743299413
1.05375457141276,0.3869698052980274,0.8746348962649292
0.6520396286101535,0.7841264534193342,1.3073485701467338
0.5171308723015318,-0.5729460517150803,1.451979564091853
0.3479822081556132,-0.1040309594738904,0.9343833515911304
0.4238632339194287,-0.8995553064140249,1.6160366015575385
-0.2199477082049419,-0.1676688361505216,1.1377095471064231
-0.5388175226817559,-0.1259288122381664,1.323734194498601
0.002921648836064,-0.0194773758877094,0.9398388593067264
-0.2985627360038366,-0.2593098169060188,0.9666759986986522
-0.448067858790333,-0.2930556334245786,0.6227968137787616
-0.1787182175800206,0.696905025221191,1.1966699333995443
0.7126394880832251,0.0122153497566015,1.2369281740706883
0.9765924049466298,0.4002345658847436,1.591911428745269
-0.4345383739035364,-0.9635659707827708,1.1956254299332487
0.1373833593772287,-0.5545458485794091,0.9599061183573714
0.1373833593772291,-0.5545458485794088,0.9599061183573712
-0.386012437624416,0.0085089515495587,1.2048764408921993
0.476885265410214,-0.2294666102507102,1.3084805372980275
-0.6237069754281788,-0.3758017821614444,0.7225305379293854
-0.6237069754281788,-0.3758017821614444,0.7225305379293854
1.1528463584209172,0.2600937758462821,0.9022379955854256
0.3962625358620301,0.4066351831162069,1.165822702259386
0.1705319067421659,0.4255670424962249,1.1801336665778346
-0.5173723489554571,-0.8964882340883614,1.5824212114691818
-0.5173723489554586,-0.8964882340883605,1.5824212114691822
0.3417033111067892,-1.1000929835055064,1.2446983476611737
0.8696621700292916,0.4971807641311327,1.281325092538163
-0.7738070339728264,-0.4859400217174484,1.6652723070475175
1.0462217486774654,-0.4872919229642501,1.5470975977412655
0.7526283832556087,-0.3834755079093682,1.1352586159481155
0.298446409167278,-1.0820989185616483,1.613822658345263
0.0334761872585506,0.0318870015392616,1.0070531305699812
-0.0533751182021088,-0.1700408097151847,1.1498713142701007
0.056302714631644,0.9605181803537038,1.6654419464583687
0.9314414842270372,-0.4546069567899076,1.440706966040142
-0.0123563569228638,0.8391716052765524,1.298708965311395
0.3092077022961759,-0.2387784533739554,1.1992760058414786
0.7959391762533868,1.1952407180360909,1.1417647915424884
0.5819991087858989,-0.2097294114966947,0.9549613790238886
0.4738328632870303,0.5471062907580445,0.5062887534154168
-0.1615249233590167,-0.1727637398884545,0.9228276848951386
0.0949261623888288,0.0310546720462785,1.038163959056528
0.9997719637263563,-0.0706665459336207,1.410993941104388
-0.0378509695885334,-0.1438172955418782,1.1288120354005124
0.0045452539287107,1.3975084871311565,1.270669850595934
-1.2786300601831466,0.7474772241674139,1.153853039830849
0.2846269304065378,-1.0954195953671884,0.882559840879464
-0.0581601318354104,-0.5561859647827707,1.2161229287839936
-0.7491598662492369,-0.0092228325375499,0.7153357972306846
-0.807454620395077,0.4574248884488788,1.128182197092501
0.7727231207074138,0.7649407873932351,1.392976596254765
-0.6320239027566633,-0.9051574694180125,1.455201517482617
0.6433030773568597,-0.0540907811398725,1.3100444138885716
0.1782437864921711,0.283514931602506,0.9610409509415692
0.3154497266187143,1.002076561427694,1.1662794191008072
0.6471944588019958,-0.8602279936586495,1.0411977741473746
-0.2242157791089647,1.1921656747514997,1.530187000189362
-0.917291965910675,-0.4731133698616704,1.5818532146516344
-0.6876659932560866,-0.064932008589497,1.0478657987945614
0.0407502141454651,0.0147309057979917,1.0796891328836464
0.2809123634785773,1.418141577798541,1.126314584632193
0.0171499979343741,-0.1768877691389263,0.9079730724313207
-1.086356468959769,0.5586212438195317,0.9716404064115328
0.0946619391564115,0.2476845187864177,0.9067919185848456
0.715977567825586,0.5780060758137043,1.5926606263844243
-0.7265666344091699,0.5052821143890444,1.008328167668004
0.8884993629143734,0.5850223382853807,1.5182309518333714
-1.015620078680621,0.5739657862383255,1.5676682670875108
0.3599594318109317,0.8680235830890624,1.6944707399029972
-0.2806218211505988,-0.8878602998887462,1.7662490858028173
0.0391219095547131,-0.0556871984889892,0.9770849674295792
-0.0588857438035269,0.0597380217769826,1.058146048675311
-0.0851593669276442,-0.2081683296637356,1.0502871466305426
0.8299523694980622,-0.7750066473966292,1.606227906461384
-0.638914602595588,-0.0495202624288723,0.68622323481204
-0.0131672948491176,-0.6646451488319193,0.9555061823400808
-0.0131672948491176,-0.6646451488319193,0.9555061823400808
-1.158714415474181,0.0053369436595352,0.94837924072111
-1.089646615314237,-0.1483977827846577,1.498772751245533
-0.0917649996796269,0.185739095205472,0.9728877129137664
1.2076408287229556,0.2130874470334359,1.4761500577350064
-0.0031564439685481,-1.1737763765260878,1.1142384968938734
0.2475728479102928,-1.081461542520883,0.9548087339437898
-0.5108942286822652,-0.5951647059817011,1.6088673964521047
-0.5108942286822633,-0.595164705981699,1.6088673964521063
-0.4883933601749118,-0.8743601342542617,1.420569611753452
0.6440560447328219,0.2597656292548793,1.2471570398446568
0.6835362117881635,-0.5344375424648904,1.71048851004153
1.0893362104436166,0.2219287588657024,0.8441458000490208
0.5001150078832883,0.0968318141376719,0.9072348951140125
-0.0365092659426553,0.559436768793321,0.5588255577757305
0.0915987678814717,-0.5830693693952155,1.2869708337745571
-0.029986673690895,-0.0296137963442658,1.019959188184463
-0.029986673690895,-0.0296137963442658,1.019959188184463
-0.0299866736908939,-0.0296137963442651,1.0199591881844632
0.0180843215179998,0.1075316765386489,1.0978304853885872
-0.1663703500679259,-0.2783204546289599,0.8714331158256716
-0.3302550192077024,-0.797246407285559,0.9578045276395416
0.8333418384031134,-0.9425546185568414,0.9179537350281972
-0.8232393752873075,0.7345238027400565,1.2186842277064431
-0.8232393752873075,0.7345238027400565,1.2186842277064431
-1.1329321573050273,0.2558595601655781,0.7226000296511268
0.2174028823470418,1.133030895191908,1.522369945462696
-0.5626526287516112,-0.5652782589293363,1.4791542974458978
-0.4951956155082182,0.2064366257930477,1.192334588885087
0.5206090173996115,-0.0824038563018023,1.3074783072555076
-0.3098439189937237,-1.338739739580069,1.0461846501802554
-0.3683582505123126,0.475391438204926,0.4131261087898143
0.2835744705859468,1.330322158540264,0.8710132209341894
0.2110547077506804,-0.4237072995886617,1.2771569730390333
-0.4996714061902573,-1.0206823552554796,1.3924674875677048
-0.5477477424929309,-0.2616366961121147,0.4179552993827363
-0.2578811070347326,-0.2453155396340824,1.0822479267742882
0.8254669897604568,1.1089005619205154,1.3154031876340997
-0.9116677870685465,-0.2106635056939313,1.7006405332515988
-0.710299745246054,0.0749516355293379,1.1395205552757173
-1.3089731708009047,0.2472575365868995,1.3691491075410975
-1.0153335577745417,-0.007245660749406,1.2653120455128395
-0.2801700465833794,-0.7843471854317319,1.0372927933164735
-0.861221118380284,-0.4141608469652191,1.2929834674762726
0.5186530045231155,-0.7051083236170222,1.776794356823237
-0.2229361231814626,-0.2136660659590425,1.1615637952621325
-0.5741935135941373,-0.0622742787394057,0.5874657683363518
-0.1881576560114291,0.8793753344020548,1.5327989530932562
-0.7083818329015059,-0.9010866973850032,1.108911146487758
0.191352884536229,-1.131305028006421,1.3600509841675648
0.9163446647750308,0.0841967047336728,1.382035380429118
0.1985874600850223,0.665751055379092,1.0649972631870748
0.9585422483044178,0.2907752014576114,1.382444090377888
-0.571088068124363,-0.1478889311690365,0.9637242766883138
0.0889183036970149,0.2641472359984957,0.9050312411361136
-0.3073854259553191,-0.9915731207013164,1.570482508003251
-0.2020424689115641,0.6822046588311446,1.047537162812509
-0.4735345837869168,0.8044513126277748,1.643510825666545
-0.4623173880357282,0.0044875668377764,0.8625832145832433
-0.2202689314968396,1.1851152411463703,1.5354402804153238
0.809224580681842,1.0341635543653251,1.3898832882366112
-0.2753261934980651,0.9719627519764958,0.8019262466349214
0.9729104485565544,-0.9938131135127926,1.2987643018540724
-0.0872938007073463,0.0771379191598242,0.9761933912928872
-0.5451740435122011,-0.0213107180201195,0.6491834556340026
-0.0936872028192011,-0.3005691696869371,0.8773204640385703
-0.2357726162521187,0.6411132052503874,0.9351424312195376
1.2848998497672814,-0.6978394324382128,1.189992129668742
0.880840369748362,-0.0331453561016163,1.3189772263239876
0.4361019937239024,0.7118234353151278,1.0376992450869258
0.4361019937239032,0.7118234353151291,1.0376992450869258
-1.2163544131440014,-0.39081402978264,0.8516193376904704
-1.0851463751508506,-0.0785611719780753,1.125259804901878
0.7511625196028944,-0.8011361459421176,1.1364318006570324
-0.1631717740747831,-0.2077412963448687,1.0985908672289262
0.4671194087211872,-0.4952613351081014,1.1606807582834016
-0.1041608326791703,-0.4481242787909839,0.7737275988813189
-0.0481688540779604,-0.4886442588307956,1.2224819372142723
-0.0282604783452498,-0.1015334016628879,0.9436322624801085
0.2207795418594604,0.9527882602752265,0.8951756880355894
-1.089172596928889,0.8751829070160406,1.2155465537804775
-0.4992136831255527,0.9151651242080932,1.540510451630489
-0.4827430025010704,0.3697119769537103,1.1455860188288003
0.9245771196678848,0.0152737639774699,0.6148067363746604
1.0097902315275225,-0.1176066233103451,0.9239400617079632
-0.8796856705062512,-0.3661965907556598,1.3735638062819435
0.0353066801773035,-0.0746110450123858,0.9268415678159996
-0.3462576007232646,-0.1050890873799167,0.8598485854116473
-0.9130528358956488,-1.073796662273531,1.0290398887180447
-0.9366928300694384,0.2193204850920075,1.4832841685606046
-0.0612830500401881,0.3681836547750184,1.1812994939685004
-1.0488471951939438,-0.3560487290863409,1.4637987332446287
0.0644817700320876,-1.1867260381340066,1.5157901335915112
0.0067096675032103,-0.0202724291966498,0.9893776407537752
-0.8299563358638573,-0.6891567547575613,1.2229309869973484
-0.6929210620270279,-0.4889164606181438,0.7035568835574498
-0.0595020398033526,0.0962174071697775,1.1722222062393783
1.2407210028648354,-0.5685389652264221,1.0514065062267997
0.1480105155300384,1.190556638505251,1.4798847040282967
0.8858807343596641,0.1605180876012688,1.5499290518713098
0.885880734359664,0.1605180876012696,1.5499290518713098
0.3055338610846747,0.3435280562864467,1.091851213225134
0.7998479683104461,-0.3845997197094993,0.4850916968798066
0.4018384129700553,-0.1924089837974995,1.045059114768717
0.4018384129700538,-0.1924089837974997,1.0450591147687176
0.2655431862693136,0.7382726211802723,0.6333873920709215
0.6306428057071337,0.286246022237266,1.0977555023966714
0.1184472965632568,-0.8088547078963148,1.595097737461432
0.1184472965632556,-0.8088547078963163,1.5950977374614317
0.2332587260746588,-1.1361772239918742,1.2347909074576704
0.6066196126338987,0.3357950546443787,0.9780370748015532
0.1991023580849077,0.0146614882724101,1.011533011702096
0.7409158450884841,-0.3550290677299345,1.0253226602354637
-0.3077308299065541,-0.13676559677227,1.1896261917572315
0.3958055174680854,-0.2201635981491537,1.0675546814039043
-0.338973894663323,0.2635914139685756,0.747864305085256
1.0019946782857434,0.3402803912642879,1.306277419120412
0.5425831340626336,-0.8093159784622628,1.7226294610492523
0.0226214627439138,-0.9150639108672026,1.3597178986823832
0.3575107655796573,0.7373392965447653,0.7476331610796353
0.2479499845446734,-0.4400821402581617,0.6459779097370628
0.8072207152917944,-0.3504045115187025,1.387062438080888
0.8072207152917923,-0.3504045115187016,1.3870624380808905
0.2670605479610608,-0.1001653981209455,0.88735023176081
0.2057981161927106,0.8827973724750162,1.3686672980510006
-0.2028524054336554,0.0355808529012019,1.0769662193581513
0.4893354071625249,0.3589599891206254,1.1676181648906467
0.9298752902283748,-0.2493767063220855,1.3701876277492144
0.1342185164238236,0.1253363368363522,1.09734733693657
-0.0204607162981802,0.0119403977823899,1.1886203595364515
0.5113960549382558,0.7397076777077279,1.52366258135676
0.5113960549382558,0.7397076777077279,1.52366258135676
-0.9421762790679418,-0.3117483134091581,0.5633314076561726
0.5068437663620818,-0.7887231437790964,1.6632258838906024
-0.0321239923206372,0.59931432680908,1.094844324512212
0.2700666410433018,-0.1940626994451023,0.9295430182104008
0.5654339952752923,-0.5405480429942334,1.421067652813718
-0.5760160381462673,1.0393277447501876,1.4066992593304106
-0.1241100489211594,-0.817203315056013,0.9664630701449298
-0.3639937496264692,1.1465155268471905,1.2226974970394475
0.8475480156289044,0.8467078616025125,1.5443140120661252
-0.029827241263134,0.9710772675602783,0.6283523118875433
-0.4384436918175335,1.4344875245731563,0.9117759615341432
0.5784296514380467,-0.925594473967042,1.0143464928219084
-0.9442887864779445,1.359083466497711,0.7322046244192639
1.155900196310898,0.3540659227795207,1.5295015242571492
0.2100162340133484,1.1156433224059594,1.3024720314190277
-1.3074363965252591,-0.9716132494002732,0.7012036429127403
-1.4430466368834174,0.5554266870627351,0.5840270433368372
-0.3951933075492648,-1.196091363179725,1.222333798584238
0.2060780183293296,-1.3525706873669034,0.9082071546718054
-0.7043912150152426,1.1215077833008376,1.3991341826957118
-1.203568980614773,-1.1647420826415311,0.5035364026670053
-0.4220979001317406,1.1325380578916329,1.47112397698553
1.253120563605436,0.6296451533024038,1.303440888212713
-1.6003343854350027,-0.5427912945840367,0.1834876928973682
-1.540850228578322,0.3244016063198876,0.9765975602121172
-1.540850228578322,0.3244016063198875,0.976597560212118
-1.177504877701965,1.1788565529269033,0.626457566885867
-1.380005569603211,-0.943240372044682,0.2638467010784437
0.9881857311438198,-0.4988890799143974,1.2585557505948135
0.5806837062485899,-1.251033180105682,0.7426143517663134
0.5806837062485899,-1.251033180105682,0.7426143517663134
-0.7624462830134597,-0.2668241234032028,0.7580939146195413
-1.1767982886836823,0.6517127587235259,1.2308143556203486
-0.01581364398056,-1.3915385533921087,1.2032770875550318
-0.0158136439805625,-1.391538553392109,1.2032770875550318
-1.1624973618308854,-0.2191184260026224,1.4771523015120325
1.1430838642025776,0.9522016169999624,1.0335258936514171
0.1147566828566542,1.4030442076947691,0.9521402492048072
-0.979572503396968,-0.654590694191251,0.5215213788586299
-0.0872496954039752,-1.1598937908611078,0.5158112673273614
0.0496519880902126,-0.9079799243766056,1.1019636222333702
0.2649148943187317,1.6496312638576072,0.64851591135297
-0.5181291570271596,-1.2598288555641224,0.4710884932878128
-1.677053128600141,0.1644800358414215,0.4933543210411331
0.5502868477263456,-1.3377563337749847,1.2304616934017265
-0.3931147583905146,0.9462111008204775,0.7160610729288024
1.341227342619666,-1.0190240018204813,0.1177758296719848
-0.3304365568786742,-0.8133787595523179,0.6724398571449925
0.3903025302873696,-1.481200280709283,0.8183408890066877
-0.3005488109689641,-0.9894281472193358,1.321818080256032
0.5385679335564496,1.1553447038852738,0.9382962314604808
0.8265446684718492,1.016720287587975,0.6416889431778967
-1.228181060809476,0.4438977018420028,0.7784371849664039
-1.134177251584098,0.9602279914286074,0.990430979391725
-0.0548160674206851,1.391270961859395,1.2366029174507618
-0.3550225092828373,-1.1371212524376049,1.1421110123964084
0.587748705396206,1.439685811420416,0.8963324442914319
-0.7317729504378715,0.9857994583894808,1.4130074729823408
-0.4493206288529002,0.9341653707234328,0.76174640101228
-0.6068388110514309,-0.1733699263431089,0.9585195196334388
-0.0851110780641673,1.540178185105184,0.7056908190966126
-1.2940284202881016,0.4285483608005509,0.8843555903820951
0.0966244756591765,-0.8569551830857921,1.0049940611403307
0.99302449213142,-0.8950622685395676,1.3826336306687337
0.9930244921314192,-0.8950622685395672,1.3826336306687348
1.0587577322218973,-0.6042227192935585,1.3417646011430868
1.0587577322218984,-0.6042227192935565,1.3417646011430868
-1.4024254870685309,0.3647122470650601,1.1498406854269103
-1.4018019403483732,0.4905214170800029,0.6559739274561467
-1.0135335146856317,0.5975736629935607,1.1341369107034875
0.1687974672782349,-1.473039281483102,0.4066873953245318
0.1766037324905282,-1.5128891930517447,1.0654845767738763
-1.1526696451563023,0.7751495114367473,1.1812375498874763
-1.398049327588028,0.532199171428408,0.6366557397000381
-0.2914371785882375,1.5656947739467777,0.8037654896431466
-0.0245639626742595,0.578276247669922,0.7164810767424106
0.1375713736292306,-1.142640445305744,1.589134053741758
0.5597090025831188,1.003743199380891,1.4451749174859998
-0.5669594163516856,-0.817999510061098,0.6519614588226141
0.7760825815118872,0.8268305342798739,1.5994284232721294
1.1902869177729385,-0.9550060483791296,1.0923932733069526
-1.0532767831199636,-1.0036967139306032,0.8026743651404713
1.385604252437019,-0.6615525383596486,0.9296763970547992
1.105729902893728,-0.8425906269383162,1.0591543316459209
1.1057299028937286,-0.8425906269383164,1.0591543316459204
-0.4769866282449344,-1.1372717352011812,0.9943935903285476
0.284457087482349,0.9449470982009064,0.8165614808189979
-0.0820931292170005,-1.2089632393303371,1.4299264819037392
-0.0820931292170005,-1.2089632393303371,1.4299264819037392
-0.8726645280090722,-0.8839650155990935,1.4366157609165096
-0.8726645280090738,-0.8839650155990952,1.4366157609165071
-0.9447629706582372,1.0763080873439552,1.006870133433306
-0.9447629706582392,1.0763080873439534,1.006870133433306
-1.4054636079881426,0.8820428256334426,-0.0040076336567508
0.9755942870006185,1.2074051361143918,0.9748167757812112
0.9755942870006185,1.2074051361143918,0.9748167757812112
-0.1698613550714079,1.5785107835603824,0.4413472141605468
-1.4492712541115826,0.3650821966125291,0.6709695745845291
-1.3147361680665954,-0.4420759691817409,1.2626266250799991
1.0657018124932895,-0.4558498191833084,0.775970247910171
0.8658365715051997,0.867741120912804,1.329569274651044
-1.5826897754092255,-0.4655626315413416,0.0298557885633853
-1.582689775409225,-0.4655626315413413,0.0298557885633826
0.3307784847600576,-0.5703651869088547,0.8876764209279026
0.5400695451455851,1.5691590975072942,0.6380017068717416
-1.304132063318433,0.8791486114820827,0.6928742580530514
0.9845170660537188,0.8955407603217802,1.350970047402642
0.9535678115589008,0.818352160167827,1.220131670158848
0.7517299883428576,0.2158780551439628,0.9616525125721688
-0.5660642315700789,0.2802564853414913,0.9306492545880812
0.2260418199875468,1.0019526604171811,1.2453346193781816
0.8417620899160665,-1.057047490063431,1.2972298129742297
1.251588832390384,1.0148862408367398,0.7745699324268033
-0.2455125413193407,-1.1989708943073203,1.5210644420189907
-1.295462774239241,-0.7097668876801411,0.8380422743141736
-1.3547033489152889,-0.5961681176139527,0.6685837794044391
-0.7295345889850925,0.864048003632127,1.5052906822214165
0.1579904677249184,1.0467852252982082,1.0935248078843771
-1.1654048955238998,0.3162866079559682,1.0916079997278234
0.174682398754872,0.6011931524246865,0.8638146555786212
1.013149385968074,0.3249246784245708,1.3814315141844875
0.3565223177546076,0.81818524464401,0.66027558755243
0.3565223177546091,0.8181852446440093,0.66027558755243
0.3565223177546074,0.8181852446440092,0.6602755875524289
1.20574242622003,-0.6235041749434566,1.2166634137265813
0.2289118858680611,0.7344155184836865,0.6078248539549153
0.0301552450223438,0.9720390026877668,1.2439558444451544
-1.3089731708009047,0.2472575365868972,1.3691491075410975
1.148082903828953,0.3050576014867657,1.5543872014815583
-1.3065679443291909,0.1029317015396353,0.7819450035135223
-1.004045560850075,-0.6438706648887111,1.5528786720830794
-1.2081518382883296,-0.7458206216922565,1.2742672068292598
-0.6866114278220238,-0.6775274669739906,1.291782234997511
-1.2097169259795677,0.1619133760614119,1.4075032274626973
-1.2097169259795677,0.1619133760614119,1.4075032274626973
-0.1091699657414014,-1.3678602681460317,1.2319314797059122
0.8609521712476076,1.2623478110531086,0.9435521646650196
-1.1517449375660287,0.6610027521441689,0.8258484305733513
-1.2526817385634943,0.8352919287375241,0.9588979211325716
-1.2526817385634952,0.8352919287375248,0.9588979211325688
-1.4136676770027898,0.3038756485519567,1.2015994699977393
1.2848998497672806,-0.6978394324382124,1.1899921296687432
0.5623136935836845,0.939252248286922,1.426577576560433
-1.5149710610146436,-0.3615844181182158,1.0218238919808145
-1.0174647987734389,-0.8103745291564839,1.3853313035305597
0.0464672647785586,1.0382671417610123,0.8255277418989434
0.8528929592252719,-1.1258655779577111,0.601205727865849
0.0276326222254538,1.446629594833538,0.5620414105099801
0.6272862222094172,-1.1452741444125605,1.2440258884040325
0.6272862222094174,-1.1452741444125607,1.2440258884040318
-1.1779554028558932,-0.955127058673603,1.0887284545063964
0.2296527536064916,1.5695768128801582,0.9551895909763084
0.2658866629841062,-1.1089770550010962,0.8175102650036381
0.2658866629841065,-1.1089770550010976,0.8175102650036373
0.6973528093062609,1.2068173560034312,0.359993419276879
0.2726542235860577,-1.3031820465375146,1.009531307096831
-0.4638406435000535,-0.6754253744445196,0.8606167967924624
-0.4879488442101135,-1.250468387983598,0.7391859991865972
-0.8111473779856907,-0.8579921398866813,0.7796668877719951
-0.811147377985691,-0.8579921398866815,0.7796668877719958
0.977596569217869,-0.511196510242455,1.192484413408677
-0.1314044994128724,-0.7826832885391581,1.0721040172703409
-1.244462738376649,0.8001485757913402,1.1760592217838288
-0.949826464162006,-0.9653881658865088,1.1142939307983943
1.1365733055950902,-0.4986584301052331,1.4852054884523045
1.2470831855671456,-0.6543947889502527,0.850117206392405
-0.1397508783185179,0.6731399948089245,0.9620932022681732
0.927997248531382,-0.8667030155934068,1.0616614649862426
-0.6523709835843096,1.1121431127862682,1.3851315538821256
-1.5479560493533764,0.3625432456080479,0.9286490876467324
0.7578786754329314,-0.9295223357726452,0.9011920062806428
-0.567099286416163,-0.2356267917003718,1.449208591870992
-0.0542643403661918,0.1643034475659283,1.9475571863084389
-0.0542643403661921,0.1643034475659281,1.9475571863084389
-0.0220907915019419,0.4984792038092177,1.3916274118566447
-0.2970872407433176,0.129417240449816,1.5744788188261596
-0.2598380860755217,-0.2927418114115302,1.8533844020566184
0.2131180278931823,-0.1294088286265231,1.66966248976212
-0.063857709456157,-0.0558340276935254,2.028796552239469
-0.3904504148305733,0.3260959957084764,1.868218988371498
-0.4193267979747165,0.3196402114145461,1.856616649769694
-0.2002250674868323,-0.5619423900740527,1.853711053091973
-0.0064654213285116,0.0194574516875036,1.9446546503594988
0.1122939405154558,-0.0623508168736943,1.2309858388377155
-0.1711679293309584,-0.1679568760814496,1.2745098772272545
0.025761177686362,0.0091054003331564,2.0006572205368887
0.3822291651258211,-0.1310464089244704,1.7459479798509037
0.2146767583780158,0.0093987764598617,1.4265171978752167
0.1121928334510628,-0.0353611029639519,1.832789207197501
0.5239325249779395,0.4506642691318893,1.5769861526166304
0.0824317095552331,0.513977735978368,1.9252349023780413
0.2393308343896848,0.1285405428742513,1.5581117144258303
0.3792764434828241,0.1947443681214392,1.859674611449896
-0.4402582420688286,0.463583819740008,1.9140859983193417
-0.2616067869747237,0.3284515020678024,1.927977946078206
-0.5402887954241882,0.2955232691050059,1.436912304322828
0.259636826704605,0.0598466202812252,1.7130603528315476
0.2596368267046055,0.0598466202812253,1.7130603528315471
-0.0674524306079882,-0.0336736482093303,1.2068577658289823
0.0810057750208991,-0.2263806513593192,2.0164360465556577
0.4128923832033845,0.1975144898039854,1.9705382594410248
-0.1430203748870616,0.3004484672431924,2.004500956412455
-0.0329570442634941,-0.0071872235283233,1.2886395183529669
0.392902350920174,-0.2008177296089459,1.9685879552648404
0.0520904754701804,-0.4683482778495314,1.5784962263044011
0.0520904754701804,-0.4683482778495314,1.5784962263044011
-0.2545676017405304,0.05294728008451,1.4625666135437094
-0.4440623201675178,-0.0449926766776901,1.935579344646993
-0.4440623201675179,-0.0449926766776905,1.935579344646993
-0.0163541444707441,-0.0110365318633863,1.2416489706473366
-0.1826984133838028,0.0206008076777693,1.2243821836568414
-0.390345060423584,-0.2697363078044001,1.9694356994266848
0.1294980091133986,0.0123867233527817,1.791809634197678
0.011643270446555,0.0826904270359383,1.208852208523433
-0.1686037469869943,0.3401152918753171,1.9416896503155991
0.2298476632426009,-0.1127465945004475,2.024941053004285
-0.1391820178910705,0.2856329621074244,1.7517127194445894
-0.7413008333150338,-0.1717197815932815,1.7243388023612003
0.67047035907396,0.0513546739846062,1.833916999267354
-0.2116222662477655,-0.4876618029317818,1.8490659273537968
-0.2533358184945378,0.1206059053318406,1.2692109313736444
-0.2533358184945378,0.1206059053318406,1.2692109313736444
-0.6070338476976086,-0.3657224121568267,1.8560073925471623
-0.6070338476976087,-0.3657224121568269,1.8560073925471623
0.0545129851356345,-0.5309589679377893,1.7623818184658242
0.5886824856074446,-0.1790310171944118,1.7174505260010575
-0.3028996752689062,0.6109471104575599,1.7981290680964073
0.233208419754253,-0.2284368065700089,1.7232006755091902
0.0165914702272658,-0.1483795752458352,1.5049397392408412
-0.4413115969223408,-0.1181416602117796,1.770237023069442
0.0822953681591646,0.0360060250213928,1.2125538244352363
0.5099465105641214,-0.3624040554346418,1.6701748090895354
-0.2035537352132644,0.0832387768573637,1.9128565432236613
-0.2441299992817845,-0.0411971282690106,1.3080033272773446
-0.2950308358099799,0.7582428368574178,1.8339326164195795
0.00877796167258,-0.1795289865437731,1.990827174339232
-0.0890028211578006,0.0514681404801597,2.0271405690313524
-0.0355044731450455,-0.0566689792283291,1.4447823335898988
-0.0355044731450455,-0.0566689792283291,1.4447823335898988
0.1965027504670612,0.0862585892925005,1.9143958141363824
0.2936827486065019,-0.1314671918779623,2.0089761719926686
0.2563539260187374,-0.0169472090563366,1.7056769599476729
-0.0178286296267316,-0.044440744683816,1.966233670817745
-0.0140176400355883,-0.0106878251350586,2.0294676875937583
0.0146824098098346,-0.0345779070402202,1.4287901982219675
0.1498521282031658,-0.3971809835143384,1.702029400315856
0.0456044720616142,0.1748130214326179,1.9114029531949583
0.0456044720616147,0.1748130214326186,1.9114029531949583
-0.0370554850695452,-0.0957193910722921,2.0303095213189493
0.1828420970596175,0.1607769049873303,1.4252179790022748
0.3649943363365864,-0.1368692733706902,1.9791623758258328
-0.059665348472646,0.0108663166986996,2.0426818779792333
-0.7345376918478517,-0.0469785605122264,1.8756662912520752
-0.0376058393026738,-0.2463654007637853,1.6767224482963312
0.0124828147682509,-0.0201642736834113,1.9258281149260987
0.0124828147682509,-0.0201642736834113,1.9258281149260987
0.3422383893873941,0.1543633404684334,1.231825750625389
0.2246428700471655,-0.1868513057803753,2.0017504501916226
-0.3617433616544797,-0.037204859366926,2.004688237833056
0.0203518361079325,-0.0442830699934222,1.6947479098811036
0.0457514532845326,-0.2065722542515962,1.585104637196262
-0.0734658751195641,-0.1477131754196799,1.780398568794053
-0.015137952549296,-0.688928213855933,1.789560380781122
-0.0529602211353211,0.0214000360882849,1.351011440687035
-0.7057402829828643,-0.312246269529789,1.790407554777811
-0.7057402829828648,-0.3122462695297878,1.790407554777811
-0.7057402829828638,-0.3122462695297888,1.7904075547778118
0.2757440569827756,0.0471344213703622,1.6951650782559786
0.2757440569827742,0.047134421370362,1.6951650782559788
-0.0267054642381449,-0.8018748449061434,1.7924010604776988
0.218949548677377,0.0451579766734951,1.971811837089852
-0.0320324819412123,-0.0194178385517405,1.361319588998385
-0.0440815627942844,0.0298985574564166,1.9875803153300795
0.007262986190573,-0.0294311836964044,1.6947653675848442
0.0072629861905729,-0.029431183696405,1.6947653675848438
-0.0874135170322998,-0.0581200378669695,1.2300160038939576
-0.1048136753632393,-0.1307244536430345,1.6187643593282968
-0.096871184254142,0.1746159729090177,1.7093464100028462
-0.2247152408059289,0.0585357798022415,1.7417579414578723
-0.4256837117973582,0.1266295991829781,1.3604776741679905
0.2139189450667363,0.1388739442435398,1.8741395594279804
-0.1440942483235038,-0.2517654013225386,1.8624046584066425
0.4858772897293438,0.2496856583717218,1.9541572881908549
-0.2666667534395264,-0.2842449894998108,1.5789995495983775
0.0674385411754318,-0.0815838236602594,1.951721637960626
0.0507206821792734,-0.0380243373091006,1.7671993939665005
-0.1244386565997549,0.0088230924021451,1.3947613291950909
0.038437009919333,-0.0481646917542837,1.6006880736760387
0.0202473904966223,-0.0167090004925229,2.0058608503486504
-0.055338196047324,0.0549466826203097,1.3379619380634236
-0.0553381960473232,0.054946682620309,1.3379619380634225
-0.1037431229216632,-0.0444322834921043,1.2087863277045403
0.3440308099232163,0.7309737787016427,1.8210584277537576
-0.2871516664723265,-0.2648711631270998,1.9639417986380927
-0.3639383960587867,-0.305042725429755,1.8797578750109285
-0.1213399023095437,0.074366043469352,1.4452055301767532
-0.1837705699517425,-0.0619390212154723,1.8824610918891689
-0.1168397056369044,0.0882255106405831,1.8162620555802824
-0.4585501860166476,0.3342869041250691,1.8996946246530897
-0.0783878795329157,0.0340053342134036,1.4118959700474496
-0.1796678171726377,0.0266904456997335,1.938917594565368
0.6085617949500808,-0.0619152868513971,1.8025311365807688
-0.4334103594665466,0.362198156506348,1.8979540352240103
-0.1809224098083224,-0.0834126131603237,1.906921017344302
-0.0319992773013773,-0.0150701697840842,1.3797541937939248
0.5979775141281043,-0.3966085831065022,1.8805093878508985
0.2080665770511771,-0.2769533318438386,1.808557272219643
0.0678105038224036,0.0650182432914784,1.967366659860275
-0.4335705606447632,0.121638639422113,1.7561394784255155
-0.4335705606447642,0.1216386394221133,1.756139478425515
0.0661158808243461,-0.098682902210479,1.3277222768081196
-0.2542573347898637,-0.3411653924354546,1.773151939818236
-0.2542573347898635,-0.3411653924354528,1.7731519398182358
0.0374103692629237,0.0889754588121686,1.2800108236163286
-0.7904620748604586,-0.1878519919002959,1.7890321980429258
0.2645912593179462,0.0921307234636995,1.9026366327391864
0.2645912593179468,0.0921307234636997,1.9026366327391864
-0.000476912710534,-0.0290817341111429,1.887863660709246
0.2812272940165193,0.2925032853552757,1.584826643147188
0.281227294016519,0.2925032853552754,1.584826643147189
0.2812272940165191,0.2925032853552755,1.5848266431471885
0.0671699614530241,-0.2208663692268076,2.008782881470033
0.3404463383907719,0.0354792471062647,1.9913222482412296
0.1228506908152175,0.1057269740701926,1.221174564429742
0.1202668094867079,-0.0283694206442171,1.84985329856401
-0.2727730174551124,-0.3579593607286555,1.4621939565708657
0.4968287097227614,-0.266282141616607,1.815534088158028
0.4968287097227615,-0.2662821416166071,1.815534088158028
-0.3410160121584777,-0.0370578986497745,1.458107199092836
-0.0727926530035238,-0.0355792437797544,1.497998107707745
0.315931538058735,0.0044987897564139,1.589031996283685
-0.112205997732808,0.7950870812732257,1.8297905063167264
-0.2964569353947324,0.0500797676983341,1.44331216843146
-0.4236798878295336,-0.295681192659541,1.9466356000377392
-0.4334421140442746,-0.1042377164202433,1.6948527266020972
-0.0474006486873812,-0.0204985796549837,1.3587379225024656
0.0974289530221683,0.2883054368014996,1.7273745865474104
0.0953014277680799,0.0775632052485809,1.8512485519576527
0.0029629320145539,-0.0129376441503533,1.374829812125034
0.1013842348094357,0.0424879019538219,1.5896421929747444
-0.1769487486689031,-0.0360718903821218,2.031526893396774
-0.1769487486689031,-0.0360718903821218,2.031526893396774
-0.3597954584059233,0.7801119035277163,1.8108324714638795
-0.8032551950083264,0.0506119963438088,1.762972208436112
0.4376228834874749,-0.2592713931911132,1.6615248497626505
0.6604506798340278,-0.2339249790254401,1.813266994732295
0.1118864536079889,-0.768524528993413,1.8186179261625093
-0.1603235442421127,-0.0290984756196708,1.329213080150612
-0.1603235442421126,-0.0290984756196706,1.329213080150612
0.0113490937092122,-0.0058564901203779,1.3657046012828211
0.0113490937092125,-0.0058564901203796,1.36570460128282
0.0132840739025198,0.1504532612614343,1.4741228739652332
-0.4047662975297481,-0.1440832409558174,1.9713293688920417
0.2310635183825478,0.1644770878352497,1.8116766590038416
-0.1099261355132917,0.5424125677592384,1.6881363043935782
-0.0303570026150389,0.0163493236913181,1.6475742083069966
0.3894864263369121,0.528240608665282,1.847642339519204
-0.0287156986761684,-0.0727024104736798,1.7025113171169353
0.0656082037967215,-0.0188628873207418,1.8940911684806927
-0.5999600025489072,-0.2335286266180065,1.7284318077821894
0.0499668451203348,-0.0180233833988095,2.0164696643185387
0.0209672372514553,0.4864549808342714,1.8631634380654365
-0.0831027687306912,-0.7856024311073587,1.7597752106902975
0.0217485318345084,0.0117329863610923,1.8940962465834563
0.1345283998769472,0.1159537936496116,1.7707752281708438
0.1345283998769453,0.1159537936496099,1.770775228170844
0.0386965864436165,-0.3171612853081726,1.963525227837064
-0.2159869416328723,0.0575150749891265,1.7749458801732072
0.2781577943570677,0.1545989710221759,1.9876384165162164
0.05072729640459,0.0530178425779726,1.828858393239725
-0.0065513436764227,-0.477228775063111,1.6655197297371698
-0.0018101067728334,-0.0452536640181113,1.654489724989509
0.3822499999766101,-0.1264047472427732,1.9512935404295624
0.1450197487582274,-0.0497818479937523,1.4631317156448356
-0.3577884994871282,0.2754227044739921,1.6009534688468776
-0.8236623268881824,0.0992846322674092,1.806833010257323
0.2184414129319856,0.0138224856877736,1.747357132850004
0.3818734535052855,-0.1172650368461176,1.3382117646180811
0.3818734535052835,-0.1172650368461176,1.3382117646180849
0.5306545449202498,0.0153932170466992,1.7710418512881836
0.2178409450056398,0.7579216834040561,1.5549992303961906
0.2068972158844796,0.5226617900333987,1.7610453562616415
0.2689190885752761,-0.1831300448725551,1.3502938048267927
0.4753741227822655,0.4021192426346133,1.7895677161809365
0.4753741227822662,0.4021192426346125,1.7895677161809365
-0.0591497307444989,-0.0507345363287954,1.664015927602777
-0.743121919166371,0.3522638462041567,1.7461320348774936
-0.7431219191663699,0.3522638462041562,1.746132034877494
-0.07330490340561,-0.0700885968619156,1.6098662750788997
-0.4612159155865394,-0.0233655468564912,1.8522073081028925
-0.2675198506269163,-0.5276329299039343,1.8491644266849856
-0.1768923427422896,0.119373126415583,1.9734804544934488
-0.07334885943575,-0.270806524208833,1.7220984921961433
-0.2130268121709834,0.0635846488116954,1.228891576405462
0.5483222322047763,-0.1766710039503527,1.936720972750771
0.1704732118268645,-0.1296091329099378,2.011406343805146
0.1077329211478556,-0.780291516882986,1.8088337974294808
-0.1934795220399114,-0.7004553662461521,1.7890242366825595
-0.1934795220399106,-0.7004553662461499,1.7890242366825608
0.1902957621661525,0.5814238338034854,1.792130709109617
-0.7256783965185782,0.4447776906251845,1.7632781132573103
-0.2395664100549321,-0.7241280251526472,1.854656666195163
-0.4777730727664443,-0.0171289659538054,1.9743255806492628
0.0923387321070131,0.0003099041464161,1.8775271435640024
-0.0185798103823848,-0.0297156681234224,1.9910929538532267
0.3680267877739739,0.3065972248776133,1.966794691902492
-0.0085504088778407,0.0179947082019482,2.0177040363324825
-0.0092746950548115,0.0042424928404992,1.4967786372663563
-0.0998786063284152,0.2659905963598278,1.985584805780522
0.2353535925453408,-0.227081690190117,1.8393845403992264
0.0619559411537184,0.3167324687978169,1.586983406458762
0.3170248641494952,0.0227914436421148,1.862881874927484
0.1512567471378285,0.0991886790366287,1.4561154637560343
0.1512567471378272,0.0991886790366274,1.4561154637560347
-0.8486542665166111,0.3297609660669631,0.0005922601831785
-1.2925755887340595,0.1446815386825893,0.1890324620020914
-0.5263077500375609,0.4836003031269569,0.0841454574852411
-1.2096858274506392,-1.1106711993326122,0.3907892161582826
-0.7848823590976973,0.9948911233196946,-0.4933730620971615
-1.1590812453932262,1.0456920343124303,0.0685996620245598
0.5692190089518224,1.528237984775922,0.5225662067804991
1.013799589128494,-1.3352752192481252,0.0944351930218718
1.013799589128494,-1.3352752192481252,0.0944351930218696
-0.0223708774197994,0.6212028481734485,-0.5933903905349834
0.7335011614694179,-1.34614837157837,1.0059162889805784
-0.7315919647818663,-0.5865426822970818,0.2080717113152755
-0.7315919647818653,-0.5865426822970831,0.2080717113152747
-0.7315919647818653,-0.5865426822970831,0.2080717113152747
-0.5279694276774028,0.7244794465200051,-0.0088719976398785
1.4392525358510049,-0.6070738333212414,0.6702138576295802
-1.3000597941325658,1.0836254661245166,0.4209599406223748
-1.1064262935534372,-1.082908238611022,0.0667643059603191
-1.1064262935534372,-1.082908238611022,0.0667643059603193
0.6204586926084795,-0.6440801991335828,0.1902038460661833
-1.103560561799283,-0.8000038994189571,-0.5801715341140061
-0.6026086736384482,-0.837102919560575,0.2657446700477985
0.4964315688959367,1.6014339090052867,0.4786364425159919
-0.4221558501967716,0.6575509827453253,0.3857898148082949
-1.5971605695780366,-0.5030052764618373,0.4731203557255145
-1.2632982038037543,-1.0988671345731256,0.0855259494734949
0.6171547620898589,1.4261175448774632,0.9638419489692284
0.1174082978018403,1.0589286103317597,-0.1528927576556895
-1.3587255969197451,-0.3562598105768615,0.1067883399715284
-0.1870737709580018,1.300980315271667,0.1363792466314194
0.0911531375039536,-1.4888594356982356,-0.3117430331698011
0.0911531375039536,-1.4888594356982356,-0.3117430331698011
-0.9863808797700194,-0.820957658149317,-0.3102305460045762
0.546636196680342,-0.7507194625493876,0.2083618360863312
-1.0195508109938571,-0.0584687872033844,0.0504285394161491
0.535475844828185,-1.3372721374993657,-0.4853637248032074
0.5670445659911431,-0.1738472395021004,0.0731772060267464
-0.5746430201827355,-0.9095282747110286,-0.4744155541002421
-0.9386817807300766,1.1958188432544448,1.0151646860184238
0.6429408117475595,1.3102843613284365,0.3812961404817052
-0.7859926739329322,1.4560034839109943,0.4880636859305656
-0.7859926739329322,1.4560034839109943,0.4880636859305656
0.7872866066483931,-1.3709529782377987,0.3412712456675098
-0.1447859967908394,-1.122084896361353,-0.1411483278341875
-0.985974663883636,-0.263100920386314,0.388987848993558
-1.0887070043177367,-0.1030695801230045,-0.5857590005060134
-0.7619018740735336,-1.3059424088390057,1.0207680645137895
-1.3282865900895957,-0.7526570225243897,-0.2389800844152212
-0.9007191247122418,1.401397147315019,0.0069371076846299
-0.4978637402405645,0.751015912112587,0.4669659432529002
-0.191520449824975,-1.6271122438317176,0.2778279983206044
-0.6770662475728724,-0.0017147986168523,-0.3417371434491986
-0.8088413223559157,-0.7626718885713045,0.2083659154961932
0.0826214702313621,1.6713422421284427,0.6440834080355093
-1.4114061238486264,-0.1636219695152084,0.3697735280640346
-1.3062307050607609,-0.4390299588944663,0.565912869144604
-0.6636658755061416,1.2857553605325451,0.2077700472574124
0.982079739589194,-1.063356466047305,0.0184950455799497
0.2818389416922513,0.605711307931617,0.0369616181579873
-0.7809105112849596,-1.1019192676614653,-0.06217031298755
-1.1321095505977887,-0.8107129930340529,0.1608539055624251
-0.4757480559209812,0.4322898394557906,0.2669210350348278
-0.2881548105919841,0.5691721774593517,-0.5129778770022905
1.1000188338371282,-0.7288076697776131,-0.2624272963330097
-1.5087248167154144,-0.2653608497494996,0.1939703620480641
-0.1192760814262678,1.6921704653414746,0.3785842296003818
-0.9858835173799548,0.2583284166168448,-0.6129754850436693
0.0995527344939486,0.8250144161165324,-0.0275928145529446
-1.409187418367061,0.0061045245884243,0.2964622440332854
0.6363460974794393,-0.4755650672924926,0.5057074314936574
-0.6233376738732985,-0.9809031694328296,-0.2647465944084399
-0.0801558644284432,1.24355588732226,-0.446485509360924
0.7681132991012314,0.6760449993427164,0.1552944715381974
0.7681132991012295,0.6760449993427171,0.1552944715381975
0.6716841585863527,-1.518109151048879,0.1231793587565396
0.67168415858635,-1.5181091510488804,0.1231793587565405
0.6716841585863554,-1.5181091510488778,0.1231793587565397
0.5747913790742623,-1.548432952303536,0.6038333853148127
0.5747913790742594,-1.548432952303537,0.6038333853148119
0.5747913790742623,-1.548432952303536,0.6038333853148119
0.748609790315572,-1.131151553417043,-0.1378193812542719
1.3790752430354227,-0.9366988562894588,0.6018211221971503
0.3636973839539532,1.5685447762885905,0.6964738722591087
1.3219664588819444,-0.7520633702187244,0.6632214254724168
-0.7063042941810314,-0.1106418676238203,0.4397074359843312
-1.0446993030933944,0.3545213402150319,0.3421417338212123
-1.4447327112083186,-0.7053754841020242,0.1331020566794288
-1.4447327112083197,-0.7053754841020248,0.1331020566794332
-0.4531544903483817,0.5172441697935694,-0.4292381323258801
0.782785874761235,1.12316853163851,-0.4435072986094754
-0.7416998699525508,-0.3310816221345237,0.1616302533874823
0.8706745324672521,0.5933525967186257,-0.438964109955407
-0.7286541192581477,0.9964034536311334,-0.4249155132545241
0.1048630228050185,0.6293253924436104,-0.1557398766161706
0.1048630228050188,0.6293253924436123,-0.1557398766161701
-0.6896049661848178,-0.6639256888789221,-0.1440229503670682
-0.6896049661848166,-0.6639256888789234,-0.1440229503670681
1.5409961783293469,0.1017783571604039,1.0545924283809252
-0.0118656069817395,1.6470162060395206,0.7024847480646836
-0.9574854817370452,0.2213972041614312,-0.369640822348949
-0.3621211791215753,1.4090516291028894,-0.2185626407933363
-1.3083174330638985,0.6035207227974307,0.2266775687419462
-1.3083174330638991,0.6035207227974281,0.2266775687419457
-0.8957941347895444,0.5831381666732016,-0.6963201409066355
-0.8957941347895454,0.5831381666732001,-0.6963201409066355
-1.0701399865715078,-0.0236047879958688,-0.5886532109898895
0.2904659558234974,1.5011531719195084,1.0445583676037211
-0.3650531164340168,0.9901244731350832,0.5276765378199616
-0.0473697897199792,-1.316001328943383,0.8195286387097053
-0.2501621084721436,1.5105230103091636,-0.1665319024378933
1.3190125125611647,-0.862449774097911,-0.0559320897994797
0.7651303890571043,-1.2725092566911655,0.3289120209254153
0.5501852536082881,1.5671421620621275,0.618179707561851
0.4299001985764999,-0.9206302619010324,-0.4702129808532708
-0.4684122043072719,1.2953551212966534,0.764218370601313
-0.4684122043072719,1.2953551212966534,0.7642183706013138
-0.1354212665417396,-0.8237582597401006,0.2435000602363672
0.4249495329954048,0.4004975717815572,0.3214573723692384
0.0256421567135108,1.469254837186133,1.0000034928624275
-0.4066438105438338,-0.3199694740381852,-0.2560416912344793
-0.4066438105438341,-0.3199694740381849,-0.2560416912344793
-1.1447630053379387,0.570128508100518,-0.4749584694657198
0.4422453463670299,0.4519980548635435,0.209947485776554
0.1357999248890173,1.6446880631263308,0.054693298728577
-0.7438843235059311,-1.5191285801609742,0.2936018887917565
0.5128845464972747,-0.5151692981507631,0.328133123954157
-0.1732570180509375,-0.6876718238970728,0.1603294468634195
-0.1732570180509375,-0.687671823897073,0.1603294468634195
-0.1732570180509375,-0.6876718238970728,0.1603294468634195
-0.3400753279979432,-0.8117492918461362,0.400234850819302
0.6954328265018576,1.2055886324828302,-0.532678230711898
-1.086650678867812,0.4064898309393396,0.2721780702217911
-1.302768606058467,0.5723900780517353,0.874685481886893
0.1837273670323713,0.961654623405393,0.30706535352728
0.1154087090843663,-1.5328294565386182,1.0258395684854342
0.1154087090843663,-1.5328294565386182,1.0258395684854342
-0.989115285083239,1.1303478660467077,-0.3315577974121863
-0.7038685750104214,1.3676116102519014,0.255389769190442
1.3203876952556235,0.9176080089042704,0.7550165219731143
-1.6458304579819778,-0.3669357996784602,0.5499463203819464
-1.5037258719269864,0.25012205101851,0.8300313281703479
0.1942259117578582,-1.0196001408330944,-0.6022469229080197
0.2783835546080445,-1.509282149871523,0.1434284077233564
-0.1358826317870637,1.6191236136034022,0.8442992875770311
-0.9426274869220972,-0.9161243930649686,0.2896484409613169
-0.9879764801726764,-1.1894364988933004,-0.0647003151148904
-0.9714487071775972,0.6100037412009498,-0.1026407717561972
1.2097163694842297,1.0016744463252352,0.6087077701560348
-1.2706078122444415,-0.0547407031995598,0.7770786596127988
-0.414859137488491,-0.1858515382218703,-0.2047317003655619
-0.1123013602709238,0.9509655992256036,0.480343489050546
0.3794248735322587,0.6476263441885141,0.1974316871251968
1.4466458082842435,-0.7406092333276324,0.3744896791691112
1.300988046591928,-0.9646872872636988,0.6591606262431154
1.252993614616192,0.6217900156481064,0.4177199169941836
-0.3975220758944084,0.2433554646053411,-0.6210215311740945
-1.4788357791110702,0.6713376983915649,0.3692919160172745
-0.6817403828001851,1.4867416468431445,0.391555576415589
-0.6817403828001825,1.4867416468431454,0.3915555764155903
-0.7635674201195625,0.4276618278941387,0.4823743578036737
-0.7635674201195621,0.4276618278941386,0.4823743578036754
0.0433214318925553,-1.5522121529256132,-0.3139617506047211
-0.0289262829026381,1.0849043396467324,0.2125542227225968
-0.8852801726435966,0.9718852116074644,-0.3720757036976014
-0.3977726259815953,-0.5111281557713797,0.1708185105716953
0.2845496853794791,-1.6339068814599,0.6634000631619976
0.2845496853794791,-1.6339068814599,0.6634000631619976
-1.0035530408218511,0.9108508596602344,0.4700805565221569
-1.0035530408218507,0.9108508596602342,0.4700805565221562
-0.250740958705498,-0.6654429070440013,-0.7010035259833487
-0.7348860482250986,1.2388731606442267,0.3089789134757431
0.2067741816587246,-1.0200623759327168,0.2273699932410155
0.6821401966511166,-0.6394117380612122,0.260755613199261
0.5346736810659014,-0.9767558366106772,0.2156203857065783
1.0713208028054395,1.1262222764245131,0.5395604002654053
0.9616782052903814,-1.368635450538899,0.5103735493419149
1.1362516984391584,1.2330332614534487,0.0788338759763911
-1.3435844979217149,-0.4845730820876039,-0.2943526249787603
-0.2361704254214601,1.1310327726965852,0.0065274511708294
-1.3246530748621124,0.6390908714579062,0.8231265654164142
-0.1042197675223893,-1.138424389010373,-0.404432544799758
0.8986696503719197,1.1257088798794013,0.2494125073979688
-0.6034852128259255,0.912544939198453,-0.2625183750756177
-0.442662585896383,0.2248580921682347,-0.17421369706271
-0.4426625858963834,0.2248580921682339,-0.17421369706271
-0.6327419982022754,1.513356600862516,-0.1012906828438059
-0.7463997678847742,0.9517083698007768,0.6047212980242922
0.6614966156362132,-0.9026260587668984,-0.5306179824654053
-1.450452642320395,-0.3447456130205398,-0.0413571930907193
-0.5453937728733509,-0.1444286657145558,0.0300950358297662
-1.2357873483446624,-0.3465463798804055,0.0910292371056074
-1.4164906922169975,0.5159729634427579,-0.0633905074634284
-1.4164906922169986,0.5159729634427552,-0.0633905074634284
-0.2433517245664519,0.4832814478475737,0.0983720666327573
0.6524787718443757,0.7915899207239954,0.3347783648036708
-0.9805996362650664,0.0289780303212325,0.0033171046115891
-0.980599636265067,0.0289780303212307,0.0033171046115891
-1.2483786039813938,-0.0976872583459653,0.0905647924892201
-0.4886681488132501,0.207980378384351,-0.0762550763834206
1.3297973051202363,1.0336374744803238,0.2288994850965062
-0.2033013865852578,1.4881139515674533,0.6726464679075941
-0.2033013865852578,1.4881139515674533,0.6726464679075941
-0.5452419295095786,-0.3068216864507693,-0.6197421405857415
0.6298202180176294,-0.7348336976320977,-0.0273814904762787
0.7170016277244278,-1.3472610378089922,-0.2474291177817817
-0.5980561768878364,-1.331491564907956,0.6334527099005718
-0.1406707295694264,-0.9740879117367252,-0.0015794603853636
-1.5005070209926257,0.0522801718610356,-0.4091405892811683
-0.8903592850993227,1.296344391782172,0.0142809446569211
-0.8903592850993252,1.2963443917821706,0.014280944656921
1.0709189030138675,1.2623899522873994,0.2216635675088842
1.0709189030138653,1.2623899522874014,0.2216635675088814
-0.4871165278431583,1.0470517088567537,-0.292937808909021
-0.4871165278431585,1.047051708856754,-0.2929378089090207
-0.2518040522450642,1.5050055465957723,1.07636212304941
1.0604944061657793,-0.7854937012352685,0.5878512702647359
1.0604944061657795,-0.7854937012352659,0.5878512702647369
1.1911711233035245,-0.5715946127040713,0.8158916054380566
1.1911711233035251,-0.5715946127040716,0.8158916054380543
-0.4300052352900342,-1.365440797219732,-0.4825694313456879
-0.2281316379858877,1.190639287988332,-0.3654703590790024
-0.9303125385725712,-0.525092405620502,0.2419106489142883
0.3768253359524337,-1.0805461157509204,-0.5319442524138784
-1.0280134951372757,0.1781061979388926,-0.2533414274638684
-1.028013495137274,0.1781061979388943,-0.253341427463869
-0.6546275942811696,-1.5622429614669109,0.2167268423040522
-0.6546275942811696,-1.562242961466911,0.2167268423040549
-0.7812987370786042,0.82351437538526,0.3738547302836713
1.2919888235888497,-0.5028561611870195,0.4292026050289602
1.2550064415333595,-0.920314513525951,0.1006604171238398
-0.6178624850019655,-0.9954671367396332,0.5470620116791903
0.4801275001431493,1.0868191344904212,0.1787371546969242
-0.299355453870118,1.2984311213649704,0.4666256451877968
0.1093786618183424,1.6833739719028482,0.4088488388485218
-0.556727680281472,1.536006720181032,0.6063044366693118
-0.7917270227301109,-0.7657815034122081,-0.6165789256608962
0.183750963799603,-1.6640137554714092,0.4012709098468147
-1.635632935817964,-0.4361950314756635,0.2587258540780189
-1.4719316576787482,0.8457152348787847,0.3340984851886026
-0.747165456226267,0.6939589123962671,0.1456499765940169
-0.405375942568291,-1.2071519909514687,0.4326292371389089
0.8055359659032051,-0.2966897648948068,0.3724179577216433
-0.4593905243547245,-0.4328860974720284,-0.6091096931708488
1.1505458836064186,0.798547743767756,0.6659594419027942
0.4542588119068176,-1.4805606934695998,0.3025213431044199
-0.57767806468762,-0.5544901926642508,-0.1663628650775
-1.216354413144002,-0.3908140297826401,0.8516193376904698
-0.1083447393150166,1.6451065002979297,0.1012927199296737
-0.2510568460224294,-1.4442574611165495,0.844121857324293
0.7239832846009598,1.414589743110889,0.4887539514702463
-1.2448987257039004,0.7950521801760005,0.0530595333239066
-0.9415697436599584,-0.7258271965341015,-0.2098749250574047
-0.941569743659958,-0.7258271965340997,-0.2098749250574053
1.2866112362139484,0.766532415490275,0.7713136218299425
-0.1026039603309158,-1.264679370059543,-0.4770923809212321
0.109004076545409,1.5293321318713151,1.0784443924864917
0.109004076545409,1.5293321318713156,1.0784443924864906
-0.6013741431429478,-0.2924441313738106,0.1543004622436555
0.2636617455328515,1.671636175337616,0.5053431292619058
0.1353608434505939,-1.2350768700921944,0.3770725945380548
0.3241868855509965,0.6023862588794546,-0.4197713850395622
-0.6808934549142796,-1.536004242369005,0.274362752190554
-0.0365900642887287,-1.6883494134280883,0.1510395003832235
0.4712122878825816,1.1912694047834629,0.3100832301736457
1.117477715403015,1.208685193364008,0.5518093830090627
-0.7991005442079675,0.961679575807694,-0.5825674997326074
-0.6225529891971012,-0.5614499792178509,0.3617723179691884
-0.2573669601423329,1.629728717718242,0.6737273322944002
0.5358784088032587,0.8951003858664697,-0.5175377834369225
0.7185494074989125,-1.1543233429161073,0.8999256523844167
0.2797833225303444,-0.7910902845218651,0.3537313221513578
1.3857471367828276,0.8864762742456178,0.773191804979787
-0.6885203186779089,-1.3248714841865012,-0.3219644539890843
1.5344026107570634,0.4744607339071549,0.8023226672791486
0.0335053596411901,-1.540931738425314,-0.0072107605339152
0.5340104158409821,1.0571056911907926,0.5712020010330088
-0.517005908572939,0.6592635755694964,0.2812894925943944
-0.253820209892297,-1.6371548866109942,0.504849564157004
-0.4218050444435648,-1.3438669305876072,0.7156911294192687
-0.1276746900014132,0.7778145128448706,0.3713684515255209
-0.9465486926433632,1.261728789354574,0.977887098450516
0.902503062129614,-0.5840527477718979,0.2555801169281787
0.8242859367181388,1.077898115016784,0.178162961230635
-0.5543294438685342,-1.5604666180781592,0.0486612867133726
-0.0691860588068116,0.937000514528092,0.0668981333833709
-0.0691860588068116,0.937000514528092,0.0668981333833709
0.7250986635271133,1.41893797768986,0.8297947795021838
-0.829841919934209,-1.2763932899792425,0.1963369274534693
-0.829841919934209,-1.2763932899792425,0.1963369274534693
-1.0904492253571358,0.6827861699105231,0.1417556944144409
-0.5088590972738409,1.268014937830006,0.9084446086689903
0.908205250013744,1.272516947792513,0.4926910112896418
-0.564228703871573,1.3934783585967352,0.4755683761919695
-0.6939787565121981,1.5202824002966595,0.0538675379443716
-0.4788358425666126,1.1463602345903057,-0.4045526991232192
-0.7015402459701798,-1.3370148999292897,0.542698653030923
-0.1755019917568062,1.5160707748927231,-0.0093313118478537
0.3341811698785419,-1.2742992803213626,0.0097875580416149
-0.3615723460713278,-0.5238958424104018,-0.1709454197537415
-0.2948280851886165,1.0219261849522647,-0.5272146439553552
0.0687294305446528,1.4200060808672357,-0.235766952240367
-0.396734105539012,0.2230258404812088,-0.568668371495097
-1.1604878476264242,-0.2680366629109051,-0.3935444669934946
0.2631125134698147,-1.0399333877867687,0.2664472680460833
-0.3858203407393799,-0.9375263035635648,0.1353633226949241
-0.3858203407393809,-0.9375263035635644,0.135363322694923
-0.0286927849776415,-0.1804209312088956,1.8123980979315488
0.3653407777385415,0.2225893022293382,1.3438174726125751
0.0292217678689432,1.069662877690694,1.5435317194337708
-0.682628629465869,0.2150233187470895,1.523708560190646
-0.0022175514074609,-0.0110217465460657,2.04196956198926
-0.0860223022509231,0.4494723959206649,1.8212120323284848
-0.0860223022509236,0.4494723959206674,1.821212032328484
-0.8985212296003542,0.1880445775117541,1.775022937957665
-0.1363714951650776,0.4211091739745019,1.2442146986770033
0.3327845965084576,-0.3929591970584376,1.923880940066324
0.0569672184647081,-0.2764160036888009,1.9378513881997024
0.2297920404271327,0.265313045622085,1.2409621448778547
0.2297920404271331,0.2653130456220854,1.2409621448778545
-0.6031359013312139,-0.4951940824375993,1.202552920618076
-0.1852032949071767,0.3107017525661106,1.475742956200038
-0.2395024888865983,0.4039577101251074,1.6228674001442758
-0.0620553865611262,0.1210141583327235,1.977365016320014
-0.0620553865611254,0.1210141583327223,1.9773650163200136
0.2458631805836467,0.6185041977571256,1.3741579932733976
0.0517380340700954,0.2631374166605986,1.982110581832692
0.0479060337563529,0.2728750716594649,1.560393446361228
-0.9354006313017492,0.0644194271659187,1.7541134003862804
-0.136441944379916,0.129384833592318,1.7583812865826214
0.8435948831802965,-0.304842130190197,1.7883585311486674
0.328452193717946,0.1289178858606271,1.86968739309408
-0.0232597191077867,0.3625324937168003,1.1892546738683265
-0.674216278690689,-0.1770889961258657,1.1633646093632275
-0.2756127670714171,0.9010512834216102,1.405408460714703
-0.1501538357887578,-0.3464800682569389,1.5774879368578731
-0.0518905464107915,-0.1897821329069147,1.7550738585065984
-0.0518905464107915,-0.1897821329069147,1.7550738585065984
-0.8481382961757138,0.5785187680810366,1.6685307923145647
-0.3182670161686546,-0.2470710218701147,1.9779693879466285
-0.3723708974282617,-0.285475111415341,1.626459897048782
-0.6946235188842714,0.0715099580755281,1.889773499198181
0.0633348731803854,0.0781024400800047,1.9578520759817657
0.0483874076794691,-0.6373382678072189,1.150887608990622
0.6185022803976379,-0.0053372543252986,1.2450783065446207
0.6185022803976387,-0.0053372543252986,1.2450783065446205
0.283396888468432,0.3873659919715524,1.968936820610809
0.1593836849407703,0.707788910775545,1.8775105184218708
0.0180145267844193,-0.4364920366310778,1.6407476686244324
0.0180145267844193,-0.4364920366310771,1.640747668624432
-0.5000476978532102,-0.4658842845034515,1.8736869962557168
-0.126451682985609,-0.1130611710734633,2.035219107332352
0.3061561250343831,-0.9570248085149236,1.712818368763913
0.3061561250343831,-0.9570248085149236,1.712818368763913
0.5216189957149341,0.2726974767932393,1.937461692743598
0.0319936984658461,0.0638256322852446,2.0426777385460984
0.2055567116163428,0.4143329273667939,1.7085146629616943
-0.6215465332815104,0.4896889995515879,1.8316053019691791
-0.2215182081180566,0.1851419670555645,1.313250012685499
-0.7422173429745543,0.834934045371356,1.6174240578029573
-0.7422173429745537,0.834934045371355,1.6174240578029584
-0.7422173429745551,0.8349340453713553,1.6174240578029573
-0.0110087227515169,-0.359730079920391,1.3798196622881604
-0.584608608426973,0.4639873969386603,1.6113159807582298
0.8553149243450722,-0.2212896082255513,1.7150961028585177
0.0957427457983585,0.6370110345786643,1.8215142235819493
0.0957427457983579,0.6370110345786637,1.8215142235819493
0.1603414060869019,0.0478009044882622,1.854250083866496
-0.1587140779115825,-0.0486266104801193,1.9236166885140304
0.3020850157944201,-0.3330854880023806,1.5135812220760665
0.3020850157944219,-0.3330854880023825,1.513581222076064
-0.1207351646969935,0.641550387431951,1.5366768552280468
-0.4199919592806856,-0.0973591091079245,1.6135787190527118
0.3145864060319968,0.6554263206954847,1.7258555218058658
-0.0966601008933729,0.4152392215392292,1.2332846518287832
0.2987347017984036,0.2306897260406595,1.2472530784149147
-0.4560417817604716,0.2862590592911656,1.954875528033925
0.4858772897293433,0.2496856583717227,1.9541572881908549
0.1174537009636781,0.8804810817187545,1.709192010877797
0.6302512053845865,-0.0955150509520827,1.8910340529259675
0.0004341875259171,-0.0116728055267403,2.0308339168652214
-0.2900967832320735,0.4307912428179524,1.848180812683364
-0.1673787234074367,0.2348129843373998,1.84404278618464
-0.8326639234928108,-0.6925349693222114,1.558901169076454
-0.8326639234928113,-0.6925349693222116,1.5589011690764534
-0.3120599451214371,0.4953789131594598,1.1910716886680164
-0.0598170995658165,-0.1613180747584517,1.3231613459006075
-0.0942366025931747,0.2555723501886867,1.8533851583383645
-0.084410062426989,0.1136584107590676,1.8864743141374565
-0.3504206307853642,0.2199241716228888,1.2141243995931763
0.04669851916536,0.1386363522179191,1.365602260807258
-0.1940399212630201,-0.4630379639167544,1.9351139544301776
0.1185954889211894,-0.0382391373821467,1.0035253909078197
-0.0040253650547524,-0.0119464666799583,2.034689154511652
-0.4512786247422218,0.4642282319777037,1.2535138434701842
-0.3125147365707841,-0.2105017477626145,1.7286508727957013
-0.8957113937341048,-0.6068580780878811,1.5585899465945603
-0.6743174609353108,-0.115471380493062,1.8735699258414007
0.3148395225895184,-0.1194067528463215,1.0593145994429898
-0.3298288772883328,0.7076717588240558,1.8287639934613305
0.4299486509734953,0.0482021680366075,1.7482276806488617
0.1603444774184957,0.5821559147583814,1.8405342667301368
-0.0893210208161188,-0.8609909860285703,1.5345134587506688
-0.2702018081569643,0.0357514192612953,1.8100392447717912
0.3240312779873422,-0.7864670818600902,1.6307754229308329
-0.188160708193306,0.2673918149256926,1.5368859035089588
0.3778207517303482,-0.6535505103712653,1.7630727841193945
-0.4826154147792763,-0.1252595121999027,1.905539955841212
-0.0187658840027015,-0.1770459575682633,1.235147626292695
-0.7450981160752312,0.3831243497771929,1.773991295852578
0.8158835566781036,-0.2167927830410781,1.7989103944359164
-0.7097732914948175,0.5124978427287624,1.6569960054295796
0.3894864263369125,0.5282406086652827,1.8476423395192032
-0.2181569463996134,-0.4275840346776799,1.9145493911503149
0.4853356303964062,-0.9936869354450708,1.6073855720793828
0.0159579017400621,0.2680459106033207,1.5751174610753405
0.1288505934935457,-0.6747197011105995,1.4706730000358352
-0.04162536945395,0.0956714466610117,1.785977551776483
0.5024959742350993,-0.4714396975175683,1.6680404280627283
0.5024959742350997,-0.4714396975175685,1.668040428062728
-0.021748671368242,-0.0682042541318894,1.9999168929565208
-0.0217486713682419,-0.0682042541318892,1.9999168929565208
0.3153146044378768,-0.3246387176777438,1.6377186785439362
-0.4757049423874711,0.4757026332135887,1.8077454323129751
-0.4376349015860666,0.8972481110164434,1.706217278397582
0.3522255852343672,0.1442599179911474,1.2254072163053054
0.3522255852343672,0.1442599179911474,1.2254072163053054
-0.2014698865936338,0.823872995471103,1.595866403201777
0.6007889480219648,-0.4311369189031732,1.8499142866439344
0.2761607557020657,-0.1553222614730759,1.989371704335094
-0.3132397249742556,0.0406605730910013,1.781112035236696
-0.0806405015777289,0.6825715595138637,1.171665781719173
-0.5287222022548589,0.5748745449609158,1.5911907127224036
0.3351733058026174,0.5592642094378224,1.9116684143473304
-0.0136079897571312,0.0071113572601711,1.8189702928984413
-0.4777730727664444,-0.0171289659538054,1.9743255806492628
-0.2567908113557305,0.1486725163555486,1.9885162706598705
0.8262350219692552,0.7974000078067585,1.586589341484825
0.3958055174680854,-0.2201635981491537,1.0675546814039043
-0.1373299158335299,-0.3351613902395318,1.631019431476812
0.0623383988256155,-0.2763555858957019,2.018430226721083
0.2914086891080518,-0.6061553153753547,1.7412310696280808
0.448127678772301,-0.4024358419958877,1.468403137119081
0.6293070755171851,-0.4569494246532342,1.8077599288324755
0.3150519795119705,0.3749312206743505,1.3425108883569836
0.6143982114054033,0.5413660221793783,1.809378468486209
0.52172846472504,0.1043518405729629,1.7889477821699786
0.077974260128247,0.3958969148016208,1.943115890589379
-0.0321239923206372,0.59931432680908,1.094844324512212
